experiment	file_accession	biosample	biosample_type	output_type	analysis	lab	date_released	size_bytes	md5sum	url	audit_error	audit_not_compliant
ENCSR000AHD	ENCFF596MGE	MCF-7	cell line	IDR thresholded peaks	ENCODE4 v1.5.1 GRCh38	ENCODE Processing Pipeline	2012-09-10	947719	73ea47b1963fcb488f46a713b9736db4	https://www.encodeproject.org/files/ENCFF596MGE/@@download/ENCFF596MGE.bed.gz		
ENCSR000AKB	ENCFF797SDL	GM12878	cell line	IDR thresholded peaks	ENCODE4 v1.5.1 GRCh38	ENCODE Processing Pipeline	2011-02-10	666961	23e1af16bf43b8bcce0e034fd8ab2636	https://www.encodeproject.org/files/ENCFF797SDL/@@download/ENCFF797SDL.bed.gz		insufficient read depth, control insufficient read depth
ENCSR000AKO	ENCFF362OPG	K562	cell line	IDR thresholded peaks	ENCODE4 v1.5.1 GRCh38	ENCODE Processing Pipeline	2011-02-10	776906	f68c470598e5d31aee9a0937172039c8	https://www.encodeproject.org/files/ENCFF362OPG/@@download/ENCFF362OPG.bed.gz		insufficient read depth
ENCSR000ALA	ENCFF949KVG	endothelial cell of umbilical vein	primary cell	IDR thresholded peaks	ENCODE4 v1.5.1 GRCh38	ENCODE Processing Pipeline	2011-02-10	535682	39c36781f52e22ab57d067153587384a	https://www.encodeproject.org/files/ENCFF949KVG/@@download/ENCFF949KVG.bed.gz		
ENCSR000AMF	ENCFF692RPA	H1	cell line	IDR thresholded peaks	ENCODE4 v1.6.1 GRCh38	ENCODE Processing Pipeline	2011-02-10	1093090	c3c17414a7f588e17f0b53a38befbd0b	https://www.encodeproject.org/files/ENCFF692RPA/@@download/ENCFF692RPA.bed.gz		
ENCSR000ANE	ENCFF721RAM	skeletal muscle myoblast	primary cell	IDR thresholded peaks	ENCODE4 v1.5.1 GRCh38	ENCODE Processing Pipeline	2011-02-10	801725	77409f9e2c548018976051395fc2300e	https://www.encodeproject.org/files/ENCFF721RAM/@@download/ENCFF721RAM.bed.gz		insufficient read depth
ENCSR000ANS	ENCFF459OZG	myotube	in vitro differentiated cells	IDR thresholded peaks	ENCODE4 v1.5.1 GRCh38	ENCODE Processing Pipeline	2011-02-10	720864	4f25662fe5bd533e1556522464d360cf	https://www.encodeproject.org/files/ENCFF459OZG/@@download/ENCFF459OZG.bed.gz	missing control alignments	insufficient read depth
ENCSR000AOA	ENCFF772LNY	HeLa-S3	cell line	IDR thresholded peaks	ENCODE4 v1.5.1 GRCh38	ENCODE Processing Pipeline	2011-02-10	789868	aa5d9511a3443dca06d17b76bad4cb67	https://www.encodeproject.org/files/ENCFF772LNY/@@download/ENCFF772LNY.bed.gz		
ENCSR000AOO	ENCFF450EVR	astrocyte	primary cell	IDR thresholded peaks	ENCODE4 v1.5.1 GRCh38	ENCODE Processing Pipeline	2011-02-10	585489	45669127179f5ec45dcd50545637c815	https://www.encodeproject.org/files/ENCFF450EVR/@@download/ENCFF450EVR.bed.gz		insufficient read depth
ENCSR000APM	ENCFF476PYB	fibroblast of dermis	primary cell	IDR thresholded peaks	ENCODE4 v1.5.1 GRCh38	ENCODE Processing Pipeline	2011-02-10	791666	a65a311e4094048a181c2ab68d70c27f	https://www.encodeproject.org/files/ENCFF476PYB/@@download/ENCFF476PYB.bed.gz	missing control alignments	insufficient read depth, severe bottlenecking
ENCSR000ATN	ENCFF564CWV	CD14-positive monocyte	primary cell	IDR thresholded peaks	ENCODE4 v1.5.1 GRCh38	ENCODE Processing Pipeline	2012-08-06	739127	693ca54bce6adb5e9f6763c3bdc578b0	https://www.encodeproject.org/files/ENCFF564CWV/@@download/ENCFF564CWV.bed.gz		insufficient read depth
ENCSR000AUE	ENCFF977ZIK	A549	cell line	IDR thresholded peaks	ENCODE4 v1.5.1 GRCh38	ENCODE Processing Pipeline	2012-08-06	914772	4a81ba0671e639f3f4f1c510b46a7c74	https://www.encodeproject.org/files/ENCFF977ZIK/@@download/ENCFF977ZIK.bed.gz		insufficient read depth
ENCSR000AUF	ENCFF299IYU	A549	cell line	IDR thresholded peaks	ENCODE4 v1.5.1 GRCh38	ENCODE Processing Pipeline	2012-08-06	1177124	9e6f6dfce95152cbeeeabe4ce103083f	https://www.encodeproject.org/files/ENCFF299IYU/@@download/ENCFF299IYU.bed.gz		
ENCSR000AUV	ENCFF390ICZ	B cell	primary cell	IDR thresholded peaks	ENCODE4 v1.5.1 GRCh38	ENCODE Processing Pipeline	2012-08-06	851474	e0addd913e440fd0cea13ef08beb2183	https://www.encodeproject.org/files/ENCFF390ICZ/@@download/ENCFF390ICZ.bed.gz	missing control alignments	
ENCSR000BHV	ENCFF296NHH	A549	cell line	IDR thresholded peaks	ENCODE4 v1.5.1 GRCh38	ENCODE Processing Pipeline	2011-07-18	654682	4e968f995418cd3f94e6eb6c59f90260	https://www.encodeproject.org/files/ENCFF296NHH/@@download/ENCFF296NHH.bed.gz		poor library complexity, insufficient read depth, severe bottlenecking
ENCSR000BHW	ENCFF875TRW	A549	cell line	IDR thresholded peaks	ENCODE4 v1.5.1 GRCh38	ENCODE Processing Pipeline	2011-07-18	607666	5c006d6db3dfa3bbe540f180786746b2	https://www.encodeproject.org/files/ENCFF875TRW/@@download/ENCFF875TRW.bed.gz		poor library complexity, insufficient read depth, severe bottlenecking
ENCSR000BIE	ENCFF199YFA	HepG2	cell line	IDR thresholded peaks	ENCODE4 v1.5.1 GRCh38	ENCODE Processing Pipeline	2011-07-18	946275	3a4589a414707f76a988b02192384acc	https://www.encodeproject.org/files/ENCFF199YFA/@@download/ENCFF199YFA.bed.gz		
ENCSR000BLX	ENCFF960CKY	SK-N-SH	cell line	IDR thresholded peaks	ENCODE4 v1.5.1 GRCh38	ENCODE Processing Pipeline	2011-07-18	673428	6b8334305da41042378eb8d5ede5a973	https://www.encodeproject.org/files/ENCFF960CKY/@@download/ENCFF960CKY.bed.gz		insufficient read depth
ENCSR000BNH	ENCFF023LAA	H1	cell line	IDR thresholded peaks	ENCODE4 v1.5.1 GRCh38	ENCODE Processing Pipeline	2011-07-18	911003	e131c8953be889eefedacd21e2fc6f79	https://www.encodeproject.org/files/ENCFF023LAA/@@download/ENCFF023LAA.bed.gz		
ENCSR000BNO	ENCFF524DPR	T47D	cell line	IDR thresholded peaks	ENCODE4 v1.5.1 GRCh38	ENCODE Processing Pipeline	2011-07-18	509787	36dcfd9b8770e8afc99cbc907c858a22	https://www.encodeproject.org/files/ENCFF524DPR/@@download/ENCFF524DPR.bed.gz		
ENCSR000BPJ	ENCFF582SNT	K562	cell line	IDR thresholded peaks	ENCODE4 v1.5.1 GRCh38	ENCODE Processing Pipeline	2012-02-29	785405	e5d29f1be4f8bf69ce79686a3b6d13b7	https://www.encodeproject.org/files/ENCFF582SNT/@@download/ENCFF582SNT.bed.gz		insufficient read depth
ENCSR000BQE	ENCFF809WKH	Ishikawa	cell line	IDR thresholded peaks	ENCODE4 v1.5.1 GRCh38	ENCODE Processing Pipeline	2012-02-29	394859	fbf25ed59da9afc14339471cec437386	https://www.encodeproject.org/files/ENCFF809WKH/@@download/ENCFF809WKH.bed.gz		
ENCSR000BSE	ENCFF273SBR	HCT116	cell line	IDR thresholded peaks	ENCODE4 v1.5.1 GRCh38	ENCODE Processing Pipeline	2012-09-10	617723	8633260b067f9bae11e555ce34ec68a4	https://www.encodeproject.org/files/ENCFF273SBR/@@download/ENCFF273SBR.bed.gz		insufficient read depth
ENCSR000DKN	ENCFF278EKO	H54	cell line	IDR thresholded peaks	ENCODE4 v1.5.1 GRCh38	ENCODE Processing Pipeline	2011-03-17	860161	aa0e3a1bdfca84654c4a2cc14e544ded	https://www.encodeproject.org/files/ENCFF278EKO/@@download/ENCFF278EKO.bed.gz		
ENCSR000DKR	ENCFF701HAH	GM10266	cell line	IDR thresholded peaks	ENCODE4 v1.5.1 GRCh38	ENCODE Processing Pipeline	2012-08-27	708488	c0690bbaaef36f596fac39013ea0e4dd	https://www.encodeproject.org/files/ENCFF701HAH/@@download/ENCFF701HAH.bed.gz	missing control alignments	insufficient read depth, control insufficient read depth
ENCSR000DKV	ENCFF827JRI	GM12878	cell line	IDR thresholded peaks	ENCODE4 v1.5.1 GRCh38	ENCODE Processing Pipeline	2011-03-17	829301	a63064a7119b92f71eaef6bf7d3761fb	https://www.encodeproject.org/files/ENCFF827JRI/@@download/ENCFF827JRI.bed.gz		insufficient read length, insufficient read depth
ENCSR000DLO	ENCFF548ARU	HeLa-S3	cell line	IDR thresholded peaks	ENCODE4 v1.5.1 GRCh38	ENCODE Processing Pipeline	2011-03-17	936374	3776fed7e3f44b4ad634b6cd81d7ec0c	https://www.encodeproject.org/files/ENCFF548ARU/@@download/ENCFF548ARU.bed.gz		insufficient read length, insufficient read depth
ENCSR000DLW	ENCFF601VJF	endothelial cell of umbilical vein	primary cell	IDR thresholded peaks	ENCODE4 v1.5.1 GRCh38	ENCODE Processing Pipeline	2011-03-17	550049	c7f4e2ffc30801c76a67dd150c2281cf	https://www.encodeproject.org/files/ENCFF601VJF/@@download/ENCFF601VJF.bed.gz		insufficient read length, insufficient read depth
ENCSR000DMA	ENCFF221SKA	K562	cell line	IDR thresholded peaks	ENCODE4 v1.5.1 GRCh38	ENCODE Processing Pipeline	2012-08-27	920264	e8a7102f0e50afb2fbcd6438868c4b4f	https://www.encodeproject.org/files/ENCFF221SKA/@@download/ENCFF221SKA.bed.gz		insufficient read length, insufficient read depth
ENCSR000DML	ENCFF433QLR	MCF-7	cell line	IDR thresholded peaks	ENCODE4 v1.5.1 GRCh38	ENCODE Processing Pipeline	2012-08-27	923151	5640333f10bd8be91b7cf88f373f9f66	https://www.encodeproject.org/files/ENCFF433QLR/@@download/ENCFF433QLR.bed.gz		
ENCSR000DMO	ENCFF198YOJ	MCF-7	cell line	IDR thresholded peaks	ENCODE4 v1.5.1 GRCh38	ENCODE Processing Pipeline	2012-08-27	1034662	c32a036e30e585df6845b085e6ba8b49	https://www.encodeproject.org/files/ENCFF198YOJ/@@download/ENCFF198YOJ.bed.gz		poor library complexity
ENCSR000DMR	ENCFF166CWT	MCF-7	cell line	IDR thresholded peaks	ENCODE4 v1.5.1 GRCh38	ENCODE Processing Pipeline	2011-03-17	1207979	aee6719724963202f749171132125d0b	https://www.encodeproject.org/files/ENCFF166CWT/@@download/ENCFF166CWT.bed.gz		
ENCSR000DMS	ENCFF745XXI	MCF-7	cell line	IDR thresholded peaks	ENCODE4 v1.5.1 GRCh38	ENCODE Processing Pipeline	2011-03-17	1033332	8ae10337cd16e12ed81871c1f4818046	https://www.encodeproject.org/files/ENCFF745XXI/@@download/ENCFF745XXI.bed.gz	missing control alignments	
ENCSR000DMV	ENCFF163JHE	MCF-7	cell line	IDR thresholded peaks	ENCODE4 v1.5.1 GRCh38	ENCODE Processing Pipeline	2011-03-17	989842	9dc933905e15606c5a5c1eef4e4d08a5	https://www.encodeproject.org/files/ENCFF163JHE/@@download/ENCFF163JHE.bed.gz		
ENCSR000DMY	ENCFF364SUA	D721Med	cell line	IDR thresholded peaks	ENCODE4 v1.5.1 GRCh38	ENCODE Processing Pipeline	2012-08-27	701633	f69704f174a2ac4c1f3261d296578b2b	https://www.encodeproject.org/files/ENCFF364SUA/@@download/ENCFF364SUA.bed.gz	missing control alignments	insufficient read depth
ENCSR000DNA	ENCFF357DRU	A549	cell line	IDR thresholded peaks	ENCODE4 v1.5.1 GRCh38	ENCODE Processing Pipeline	2012-08-27	873807	596fb64a31dc67a153aded825f34991b	https://www.encodeproject.org/files/ENCFF357DRU/@@download/ENCFF357DRU.bed.gz		
ENCSR000DNC	ENCFF215QDF	keratinocyte	primary cell	IDR thresholded peaks	ENCODE4 v1.5.1 GRCh38	ENCODE Processing Pipeline	2011-03-17	652657	658b9768bc2f8f910b163a77738e924c	https://www.encodeproject.org/files/ENCFF215QDF/@@download/ENCFF215QDF.bed.gz		insufficient read depth
ENCSR000DNI	ENCFF273TNH	spleen	tissue	IDR thresholded peaks	ENCODE4 v1.5.1 GRCh38	ENCODE Processing Pipeline	2012-08-27	569941	5c5534a53fcd1f2fb2af51edbf2ee864	https://www.encodeproject.org/files/ENCFF273TNH/@@download/ENCFF273TNH.bed.gz	missing control alignments	insufficient read depth, control insufficient read depth
ENCSR000DPG	ENCFF146DGZ	AG04449	cell line	IDR thresholded peaks	ENCODE4 v1.5.1 GRCh38	ENCODE Processing Pipeline	2011-03-17	684424	ed1c58227cc3cb38a50f47a55fe7ffaf	https://www.encodeproject.org/files/ENCFF146DGZ/@@download/ENCFF146DGZ.bed.gz	missing control alignments	insufficient read depth
ENCSR000DPM	ENCFF873FBD	AG04450	cell line	IDR thresholded peaks	ENCODE4 v1.5.1 GRCh38	ENCODE Processing Pipeline	2011-03-17	796921	1b8f16ad8781e492c4880548ded15e8e	https://www.encodeproject.org/files/ENCFF873FBD/@@download/ENCFF873FBD.bed.gz		
ENCSR000DPP	ENCFF693KJZ	AG09309	cell line	IDR thresholded peaks	ENCODE4 v1.5.1 GRCh38	ENCODE Processing Pipeline	2011-03-17	733498	bd82c188330c0c1838a3b1a701ee9af6	https://www.encodeproject.org/files/ENCFF693KJZ/@@download/ENCFF693KJZ.bed.gz	missing control alignments	insufficient read depth, control insufficient read depth
ENCSR000DPS	ENCFF212PUL	AG09319	cell line	IDR thresholded peaks	ENCODE4 v1.5.1 GRCh38	ENCODE Processing Pipeline	2011-03-17	749684	d31aeb89c9072fd1a53c7877ecb0d5b1	https://www.encodeproject.org/files/ENCFF212PUL/@@download/ENCFF212PUL.bed.gz		
ENCSR000DPV	ENCFF022JCZ	AG10803	cell line	IDR thresholded peaks	ENCODE4 v1.5.1 GRCh38	ENCODE Processing Pipeline	2011-03-17	771253	5c412db08fad1a1677069878b79e6fe6	https://www.encodeproject.org/files/ENCFF022JCZ/@@download/ENCFF022JCZ.bed.gz		
ENCSR000DPY	ENCFF552LAX	fibroblast of the aortic adventitia	primary cell	IDR thresholded peaks	ENCODE4 v1.5.1 GRCh38	ENCODE Processing Pipeline	2011-03-17	794897	06870cd608cf32d8211c9ed8603b4e31	https://www.encodeproject.org/files/ENCFF552LAX/@@download/ENCFF552LAX.bed.gz		insufficient read depth
ENCSR000DQD	ENCFF976PML	BE2C	cell line	IDR thresholded peaks	ENCODE4 v1.5.1 GRCh38	ENCODE Processing Pipeline	2012-01-17	911476	7efead9f0aa636ac664572e7490e8b29	https://www.encodeproject.org/files/ENCFF976PML/@@download/ENCFF976PML.bed.gz		
ENCSR000DQI	ENCFF518RUC	BJ	cell line	IDR thresholded peaks	ENCODE4 v1.5.1 GRCh38	ENCODE Processing Pipeline	2011-03-17	760064	4d740b0071339c61f212086576493f0b	https://www.encodeproject.org/files/ENCFF518RUC/@@download/ENCFF518RUC.bed.gz		insufficient read depth
ENCSR000DQN	ENCFF213NSB	Caco-2	cell line	IDR thresholded peaks	ENCODE4 v1.5.1 GRCh38	ENCODE Processing Pipeline	2011-03-17	757247	7529bfec5cb07596a9b6a602fb1fbbd3	https://www.encodeproject.org/files/ENCFF213NSB/@@download/ENCFF213NSB.bed.gz		insufficient read depth, severe bottlenecking
ENCSR000DQW	ENCFF031WEA	GM06990	cell line	IDR thresholded peaks	ENCODE4 v1.5.1 GRCh38	ENCODE Processing Pipeline	2011-03-17	821176	d8d438a31069900d7cb0e221b6956bb7	https://www.encodeproject.org/files/ENCFF031WEA/@@download/ENCFF031WEA.bed.gz		poor library complexity, insufficient read depth, severe bottlenecking
ENCSR000DRB	ENCFF966VCV	GM12864	cell line	IDR thresholded peaks	ENCODE4 v1.5.1 GRCh38	ENCODE Processing Pipeline	2011-03-17	799080	6c18e1ea4b5af2d2259a412ad4963741	https://www.encodeproject.org/files/ENCFF966VCV/@@download/ENCFF966VCV.bed.gz	missing control alignments	
ENCSR000DRE	ENCFF541DDH	GM12865	cell line	IDR thresholded peaks	ENCODE4 v1.5.1 GRCh38	ENCODE Processing Pipeline	2011-03-17	649100	6325421a5289b01a1df497f9b4722244	https://www.encodeproject.org/files/ENCFF541DDH/@@download/ENCFF541DDH.bed.gz	missing control alignments	insufficient read depth
ENCSR000DRN	ENCFF867MAL	GM12872	cell line	IDR thresholded peaks	ENCODE4 v1.5.1 GRCh38	ENCODE Processing Pipeline	2011-03-17	855595	ac24973ecf859ffbf781210139152615	https://www.encodeproject.org/files/ENCFF867MAL/@@download/ENCFF867MAL.bed.gz		insufficient read depth
ENCSR000DRP	ENCFF696PHF	GM12873	cell line	IDR thresholded peaks	ENCODE4 v1.5.1 GRCh38	ENCODE Processing Pipeline	2012-01-17	875139	473c07f8c6f204a56abe34c161fe73b8	https://www.encodeproject.org/files/ENCFF696PHF/@@download/ENCFF696PHF.bed.gz	missing control alignments	insufficient read depth
ENCSR000DRR	ENCFF910AWG	GM12874	cell line	IDR thresholded peaks	ENCODE4 v1.5.1 GRCh38	ENCODE Processing Pipeline	2011-03-17	646956	53addf2cb27c327375b9a636cc62f735	https://www.encodeproject.org/files/ENCFF910AWG/@@download/ENCFF910AWG.bed.gz		insufficient read depth
ENCSR000DRU	ENCFF456NUW	GM12875	cell line	IDR thresholded peaks	ENCODE4 v1.5.1 GRCh38	ENCODE Processing Pipeline	2011-03-17	653077	1e678564605233bd347fa240cf6be6a3	https://www.encodeproject.org/files/ENCFF456NUW/@@download/ENCFF456NUW.bed.gz		insufficient read depth
ENCSR000DSU	ENCFF901WRI	astrocyte of the spinal cord	primary cell	IDR thresholded peaks	ENCODE4 v1.5.1 GRCh38	ENCODE Processing Pipeline	2012-01-17	780490	3dc5e7d20270e21dbc886cb5df402ccd	https://www.encodeproject.org/files/ENCFF901WRI/@@download/ENCFF901WRI.bed.gz		
ENCSR000DSZ	ENCFF674KSP	astrocyte of the cerebellum	primary cell	IDR thresholded peaks	ENCODE4 v1.5.1 GRCh38	ENCODE Processing Pipeline	2012-01-17	777996	24d494f80241c1d7a1e10980a7fe17ff	https://www.encodeproject.org/files/ENCFF674KSP/@@download/ENCFF674KSP.bed.gz	missing control alignments	
ENCSR000DTA	ENCFF985NAQ	brain microvascular endothelial cell	primary cell	IDR thresholded peaks	ENCODE4 v1.5.1 GRCh38	ENCODE Processing Pipeline	2011-03-17	984687	f03ab2e6fedc88bc1294d43051a545ec	https://www.encodeproject.org/files/ENCFF985NAQ/@@download/ENCFF985NAQ.bed.gz	missing control alignments	
ENCSR000DTF	ENCFF376DLT	cardiac fibroblast	primary cell	IDR thresholded peaks	ENCODE4 v1.5.1 GRCh38	ENCODE Processing Pipeline	2011-03-17	705452	b7dcb5d8ff1d3c000103bd37cfc2ff46	https://www.encodeproject.org/files/ENCFF376DLT/@@download/ENCFF376DLT.bed.gz		
ENCSR000DTI	ENCFF229DYR	cardiac muscle cell	primary cell	IDR thresholded peaks	ENCODE4 v1.5.1 GRCh38	ENCODE Processing Pipeline	2012-01-17	774111	14e84172f76fa283e6a222805accea68	https://www.encodeproject.org/files/ENCFF229DYR/@@download/ENCFF229DYR.bed.gz		
ENCSR000DTL	ENCFF604SHC	choroid plexus epithelial cell	primary cell	IDR thresholded peaks	ENCODE4 v1.5.1 GRCh38	ENCODE Processing Pipeline	2011-03-17	868227	1eb3c87c6df7081d6ed3be3241e02d5d	https://www.encodeproject.org/files/ENCFF604SHC/@@download/ENCFF604SHC.bed.gz		
ENCSR000DTO	ENCFF832INR	HCT116	cell line	IDR thresholded peaks	ENCODE4 v1.5.1 GRCh38	ENCODE Processing Pipeline	2012-01-17	818786	c9e4521f3fa2b8b5a054d101a809be47	https://www.encodeproject.org/files/ENCFF832INR/@@download/ENCFF832INR.bed.gz		
ENCSR000DTR	ENCFF090ZEL	epithelial cell of esophagus	primary cell	IDR thresholded peaks	ENCODE4 v1.5.1 GRCh38	ENCODE Processing Pipeline	2011-03-17	774521	6392fb0db5cff3f230ad9c977aecb83d	https://www.encodeproject.org/files/ENCFF090ZEL/@@download/ENCFF090ZEL.bed.gz	missing control alignments	insufficient read depth
ENCSR000DTW	ENCFF071FSR	HEK293	cell line	IDR thresholded peaks	ENCODE4 v1.5.1 GRCh38	ENCODE Processing Pipeline	2011-03-17	873295	a9cdd995914e4daa25af29e6c27d042a	https://www.encodeproject.org/files/ENCFF071FSR/@@download/ENCFF071FSR.bed.gz		insufficient read depth
ENCSR000DUG	ENCFF119PKI	HepG2	cell line	IDR thresholded peaks	ENCODE4 v1.5.1 GRCh38	ENCODE Processing Pipeline	2011-03-17	811101	56ab5dab3bc7063c2f989196ac2f2797	https://www.encodeproject.org/files/ENCFF119PKI/@@download/ENCFF119PKI.bed.gz		insufficient read depth
ENCSR000DUH	ENCFF991RIU	foreskin fibroblast	primary cell	IDR thresholded peaks	ENCODE4 v1.5.1 GRCh38	ENCODE Processing Pipeline	2012-02-29	617673	b4014c12465aa645d4b10db82d060b74	https://www.encodeproject.org/files/ENCFF991RIU/@@download/ENCFF991RIU.bed.gz		
ENCSR000DUM	ENCFF465OQP	HFF-Myc	cell line	IDR thresholded peaks	ENCODE4 v1.5.1 GRCh38	ENCODE Processing Pipeline	2012-01-17	661445	9b3a2125952e44446a525e2b922235ec	https://www.encodeproject.org/files/ENCFF465OQP/@@download/ENCFF465OQP.bed.gz	missing control alignments	
ENCSR000DUP	ENCFF432AMS	HL-60	cell line	IDR thresholded peaks	ENCODE4 v1.5.1 GRCh38	ENCODE Processing Pipeline	2011-03-17	427009	2390dffbafcd7b365b2762b5e7579997	https://www.encodeproject.org/files/ENCFF432AMS/@@download/ENCFF432AMS.bed.gz		insufficient read depth
ENCSR000DUS	ENCFF303UQF	mammary epithelial cell	primary cell	IDR thresholded peaks	ENCODE4 v1.5.1 GRCh38	ENCODE Processing Pipeline	2012-01-17	739903	811bdbb41c6bd5991eea9b2f1e275731	https://www.encodeproject.org/files/ENCFF303UQF/@@download/ENCFF303UQF.bed.gz		
ENCSR000DUU	ENCFF432SEL	fibroblast of mammary gland	primary cell	IDR thresholded peaks	ENCODE4 v1.5.1 GRCh38	ENCODE Processing Pipeline	2011-03-17	687146	b937efa26bd934488ea119ba75f9c709	https://www.encodeproject.org/files/ENCFF432SEL/@@download/ENCFF432SEL.bed.gz		insufficient read depth, control insufficient read depth
ENCSR000DUX	ENCFF789LMF	fibroblast of pulmonary artery	primary cell	IDR thresholded peaks	ENCODE4 v1.5.1 GRCh38	ENCODE Processing Pipeline	2011-03-17	812329	55ef39b2b5d92d170cd0946c03f65fd2	https://www.encodeproject.org/files/ENCFF789LMF/@@download/ENCFF789LMF.bed.gz	missing control alignments	
ENCSR000DVA	ENCFF388XHT	fibroblast of lung	primary cell	IDR thresholded peaks	ENCODE4 v1.5.1 GRCh38	ENCODE Processing Pipeline	2011-03-17	694831	569fc07552a74c778a1b77ebb5b0f090	https://www.encodeproject.org/files/ENCFF388XHT/@@download/ENCFF388XHT.bed.gz		
ENCSR000DVH	ENCFF059SDM	kidney epithelial cell	primary cell	IDR thresholded peaks	ENCODE4 v1.5.1 GRCh38	ENCODE Processing Pipeline	2011-03-17	723400	6ae49cd37b9bea5ef6efc457d99f402f	https://www.encodeproject.org/files/ENCFF059SDM/@@download/ENCFF059SDM.bed.gz		poor library complexity, insufficient read depth, severe bottlenecking
ENCSR000DVI	ENCFF715JPK	retinal pigment epithelial cell	primary cell	IDR thresholded peaks	ENCODE4 v1.5.1 GRCh38	ENCODE Processing Pipeline	2011-03-17	854303	dbb95f7dc33a33dd7afba439c3f8a9b0	https://www.encodeproject.org/files/ENCFF715JPK/@@download/ENCFF715JPK.bed.gz		
ENCSR000DVQ	ENCFF209PDE	fibroblast of villous mesenchyme	primary cell	IDR thresholded peaks	ENCODE4 v1.5.1 GRCh38	ENCODE Processing Pipeline	2012-01-17	781084	a22ad36ffc629ec24f6de556114aec8a	https://www.encodeproject.org/files/ENCFF209PDE/@@download/ENCFF209PDE.bed.gz		insufficient read depth
ENCSR000DWE	ENCFF736NYC	K562	cell line	IDR thresholded peaks	ENCODE4 v1.5.1 GRCh38	ENCODE Processing Pipeline	2011-03-17	724170	606e423b6ab856b7a61767838d21dbf8	https://www.encodeproject.org/files/ENCFF736NYC/@@download/ENCFF736NYC.bed.gz		poor library complexity, insufficient read depth, severe bottlenecking
ENCSR000DWH	ENCFF948CYD	MCF-7	cell line	IDR thresholded peaks	ENCODE4 v1.5.1 GRCh38	ENCODE Processing Pipeline	2012-01-17	1016772	3c49037e4ae2107d3e151e5c7be8f6f7	https://www.encodeproject.org/files/ENCFF948CYD/@@download/ENCFF948CYD.bed.gz		
ENCSR000DWN	ENCFF298KGE	NB4	cell line	IDR thresholded peaks	ENCODE4 v1.5.1 GRCh38	ENCODE Processing Pipeline	2012-01-17	627442	f94cfd9498c25d3ec428b20d62ab7f01	https://www.encodeproject.org/files/ENCFF298KGE/@@download/ENCFF298KGE.bed.gz		
ENCSR000DWQ	ENCFF533NKJ	foreskin fibroblast	primary cell	IDR thresholded peaks	ENCODE4 v1.5.1 GRCh38	ENCODE Processing Pipeline	2012-01-17	805977	a74b3d9af840bbff1fc5466586c7807e	https://www.encodeproject.org/files/ENCFF533NKJ/@@download/ENCFF533NKJ.bed.gz	missing control alignments	
ENCSR000DWX	ENCFF149BJK	keratinocyte	primary cell	IDR thresholded peaks	ENCODE4 v1.5.1 GRCh38	ENCODE Processing Pipeline	2011-03-17	759128	48dd20e7e5bcd4272c2bf9626eb39c1b	https://www.encodeproject.org/files/ENCFF149BJK/@@download/ENCFF149BJK.bed.gz		insufficient read depth
ENCSR000DWY	ENCFF130ISX	fibroblast of lung	primary cell	IDR thresholded peaks	ENCODE4 v1.5.1 GRCh38	ENCODE Processing Pipeline	2012-02-29	565146	d0fb5cbe9a387f92d5b1ed5bf321fb4b	https://www.encodeproject.org/files/ENCFF130ISX/@@download/ENCFF130ISX.bed.gz		
ENCSR000DXD	ENCFF996IMS	epithelial cell of proximal tubule	primary cell	IDR thresholded peaks	ENCODE4 v1.5.1 GRCh38	ENCODE Processing Pipeline	2012-01-17	986606	9811366c3d997f1ba5c7981a458babf8	https://www.encodeproject.org/files/ENCFF996IMS/@@download/ENCFF996IMS.bed.gz		
ENCSR000DXI	ENCFF734FWK	bronchial epithelial cell	primary cell	IDR thresholded peaks	ENCODE4 v1.5.1 GRCh38	ENCODE Processing Pipeline	2011-03-17	723948	86c1a9f6e09b2e721cd70f61d760c322	https://www.encodeproject.org/files/ENCFF734FWK/@@download/ENCFF734FWK.bed.gz		insufficient read depth, severe bottlenecking
ENCSR000DXQ	ENCFF727JSC	SK-N-SH	cell line	IDR thresholded peaks	ENCODE4 v1.5.1 GRCh38	ENCODE Processing Pipeline	2011-03-17	838179	c59822f09cf4a6345f3923217f48c607	https://www.encodeproject.org/files/ENCFF727JSC/@@download/ENCFF727JSC.bed.gz		insufficient read depth
ENCSR000DXW	ENCFF124UXX	WERI-Rb-1	cell line	IDR thresholded peaks	ENCODE4 v1.5.1 GRCh38	ENCODE Processing Pipeline	2011-03-17	931214	51caf72fa9bd18863bf8aff75ee3577c	https://www.encodeproject.org/files/ENCFF124UXX/@@download/ENCFF124UXX.bed.gz		
ENCSR000DYB	ENCFF127VTB	WI38	cell line	IDR thresholded peaks	ENCODE4 v1.5.1 GRCh38	ENCODE Processing Pipeline	2012-01-17	490249	50fa7d0442b391aeddb4b136d5ad5584	https://www.encodeproject.org/files/ENCFF127VTB/@@download/ENCFF127VTB.bed.gz		
ENCSR000DYD	ENCFF951KFM	A549	cell line	IDR thresholded peaks	ENCODE4 v1.5.1 GRCh38	ENCODE Processing Pipeline	2012-08-20	799191	c5e81d512d6bff64da94d953a6aebf5d	https://www.encodeproject.org/files/ENCFF951KFM/@@download/ENCFF951KFM.bed.gz		
ENCSR000DZN	ENCFF277FZN	GM12878	cell line	IDR thresholded peaks	ENCODE4 v1.5.1 GRCh38	ENCODE Processing Pipeline	2011-10-29	697931	359b57d4e9a32aecb0e2d9eefc962a17	https://www.encodeproject.org/files/ENCFF277FZN/@@download/ENCFF277FZN.bed.gz		control insufficient read depth
ENCSR000EFI	ENCFF521ONH	IMR-90	cell line	IDR thresholded peaks	ENCODE4 v1.5.1 GRCh38	ENCODE Processing Pipeline	2012-05-14	622841	56bcaa979b60630bb84877e820fdb7e0	https://www.encodeproject.org/files/ENCFF521ONH/@@download/ENCFF521ONH.bed.gz		
ENCSR000EGM	ENCFF660GHM	K562	cell line	IDR thresholded peaks	ENCODE4 v1.5.1 GRCh38	ENCODE Processing Pipeline	2012-05-14	932480	2b9e2c2ba7afe8d64f5f3549ce16cf1a	https://www.encodeproject.org/files/ENCFF660GHM/@@download/ENCFF660GHM.bed.gz		
ENCSR000EIC	ENCFF608JKY	SK-N-SH	cell line	IDR thresholded peaks	ENCODE4 v1.5.1 GRCh38	ENCODE Processing Pipeline	2012-08-20	897026	799e5483ab42aa8c11f2622152be275b	https://www.encodeproject.org/files/ENCFF608JKY/@@download/ENCFF608JKY.bed.gz		
ENCSR000VGD	ENCFF870ZRR	right lobe of liver	tissue	IDR thresholded peaks	ENCODE4 v1.8.0 GRCh38	ENCODE Processing Pipeline	2022-06-09	706095	f9a8104579f424a2400c0f1d3c8a3535	https://www.encodeproject.org/files/ENCFF870ZRR/@@download/ENCFF870ZRR.bed.gz		
ENCSR003SZZ	ENCFF523MWC	esophagus squamous epithelium	tissue	IDR thresholded peaks	ENCODE4 v1.5.1 GRCh38	ENCODE Processing Pipeline	2016-12-13	560535	d96f36fc1ee70d01b65738e40956df24	https://www.encodeproject.org/files/ENCFF523MWC/@@download/ENCFF523MWC.bed.gz		
ENCSR005LPI	ENCFF051ZVS	omental fat pad	tissue	IDR thresholded peaks	ENCODE4 v1.5.1 GRCh38	ENCODE Processing Pipeline	2017-01-30	592	9b782d422931ff0897d815cf47eab8b3	https://www.encodeproject.org/files/ENCFF051ZVS/@@download/ENCFF051ZVS.bed.gz		
ENCSR014GSQ	ENCFF969MVE	adrenal gland	tissue	IDR thresholded peaks	ENCODE4 v1.5.1 GRCh38	ENCODE Processing Pipeline	2016-12-13	542876	e347c718d5ba34139051681f89ee579e	https://www.encodeproject.org/files/ENCFF969MVE/@@download/ENCFF969MVE.bed.gz		
ENCSR027FSZ	ENCFF354FKN	upper lobe of left lung	tissue	IDR thresholded peaks	ENCODE4 v1.5.1 GRCh38	ENCODE Processing Pipeline	2016-12-08	752392	30456ab81e69e390f5f7736406dd549e	https://www.encodeproject.org/files/ENCFF354FKN/@@download/ENCFF354FKN.bed.gz		
ENCSR027HML	ENCFF178ABK	OCI-LY7	cell line	IDR thresholded peaks	ENCODE4 v1.5.1 GRCh38	ENCODE Processing Pipeline	2014-07-11	1263155	f8a5917d6f7f753f796fd55480e1695c	https://www.encodeproject.org/files/ENCFF178ABK/@@download/ENCFF178ABK.bed.gz		
ENCSR028YEV	ENCFF176ERE	spleen	tissue	IDR thresholded peaks	ENCODE4 v1.5.1 GRCh38	ENCODE Processing Pipeline	2016-07-11	606231	4d92d881e1f7d85901f390ae2996a7cd	https://www.encodeproject.org/files/ENCFF176ERE/@@download/ENCFF176ERE.bed.gz		
ENCSR031PXV	ENCFF509KKI	endothelial cell	in vitro differentiated cells	IDR thresholded peaks	ENCODE4 v1.5.0 GRCh38	ENCODE Processing Pipeline	2021-04-13	845247	1c31286d48dc8ef419e9ce1d14b25108	https://www.encodeproject.org/files/ENCFF509KKI/@@download/ENCFF509KKI.bed.gz		unreplicated experiment
ENCSR033KMZ	ENCFF620VBI	thyroid gland	tissue	IDR thresholded peaks	ENCODE4 v1.5.1 GRCh38	ENCODE Processing Pipeline	2019-09-11	691234	8ebdea0bd741e8cd87813584dbafec5c	https://www.encodeproject.org/files/ENCFF620VBI/@@download/ENCFF620VBI.bed.gz		
ENCSR035OXA	ENCFF624ZSR	A549	cell line	IDR thresholded peaks	ENCODE4 v1.5.1 GRCh38	ENCODE Processing Pipeline	2016-12-20	761536	28df1622fd35c6caacfe9351815c7c9e	https://www.encodeproject.org/files/ENCFF624ZSR/@@download/ENCFF624ZSR.bed.gz		
ENCSR036EGV	ENCFF253KHP	foreskin keratinocyte	primary cell	IDR thresholded peaks	ENCODE4 v1.5.1 GRCh38	ENCODE Processing Pipeline	2017-10-10	879880	2d11d3454e6c25421d506b8f74c4eb0c	https://www.encodeproject.org/files/ENCFF253KHP/@@download/ENCFF253KHP.bed.gz		
ENCSR037GKL	ENCFF017NAF	stomach	tissue	IDR thresholded peaks	ENCODE4 v1.5.1 GRCh38	ENCODE Processing Pipeline	2019-02-12	489616	50ca69e013b308a545a53c6804a4981a	https://www.encodeproject.org/files/ENCFF017NAF/@@download/ENCFF017NAF.bed.gz		
ENCSR038FOS	ENCFF525JGP	suprapubic skin	tissue	IDR thresholded peaks	ENCODE4 v1.5.1 GRCh38	ENCODE Processing Pipeline	2016-07-11	124749	c26731d29d24484e957f85eb6108afa7	https://www.encodeproject.org/files/ENCFF525JGP/@@download/ENCFF525JGP.bed.gz		
ENCSR038VWU	ENCFF484VPU	mucosa of descending colon	tissue	IDR thresholded peaks	ENCODE4 v1.8.0 GRCh38	ENCODE Processing Pipeline	2022-02-05	359837	cb13c81cb800e7d0db26e5790915058c	https://www.encodeproject.org/files/ENCFF484VPU/@@download/ENCFF484VPU.bed.gz		
ENCSR048RGR	ENCFF470EAN	HCT116	cell line	IDR thresholded peaks	ENCODE4 v1.8.0 GRCh38	ENCODE Processing Pipeline	2022-07-21	1443448	7899f33fb47d856bdc6531bc2665e08d	https://www.encodeproject.org/files/ENCFF470EAN/@@download/ENCFF470EAN.bed.gz		unreplicated experiment
ENCSR059BCO	ENCFF684SLY	HCT116	cell line	IDR thresholded peaks	ENCODE4 v1.8.0 GRCh38	ENCODE Processing Pipeline	2022-07-21	714739	14702ea87aa977b9abbfeee1f3d1021f	https://www.encodeproject.org/files/ENCFF684SLY/@@download/ENCFF684SLY.bed.gz		unreplicated experiment
ENCSR059KXR	ENCFF531OSH	dorsolateral prefrontal cortex	tissue	IDR thresholded peaks	ENCODE4 v1.8.0 GRCh38	ENCODE Processing Pipeline	2021-07-23	862325	f4c6a91c023b1b19bf3d81d02d3211e3	https://www.encodeproject.org/files/ENCFF531OSH/@@download/ENCFF531OSH.bed.gz		partially characterized antibody
ENCSR062JAC	ENCFF847LHJ	dorsolateral prefrontal cortex	tissue	IDR thresholded peaks	ENCODE4 v1.8.0 GRCh38	ENCODE Processing Pipeline	2021-07-23	771829	cecf28f47cd9374f29afba1febfc056d	https://www.encodeproject.org/files/ENCFF847LHJ/@@download/ENCFF847LHJ.bed.gz		partially characterized antibody
ENCSR066BZZ	ENCFF614PAB	bipolar neuron	in vitro differentiated cells	IDR thresholded peaks	ENCODE4 v1.7.0 GRCh38	ENCODE Processing Pipeline	2016-11-24	1304075	a7f7273942e0d47f7d1cfc898183cf1b	https://www.encodeproject.org/files/ENCFF614PAB/@@download/ENCFF614PAB.bed.gz		
ENCSR066GBX	ENCFF779BFW	right atrium auricular region	tissue	IDR thresholded peaks	ENCODE4 v1.5.1 GRCh38	ENCODE Processing Pipeline	2017-02-10	360470	58098d88634094172ebe94414e29aaa8	https://www.encodeproject.org/files/ENCFF779BFW/@@download/ENCFF779BFW.bed.gz		severe bottlenecking
ENCSR068DJS	ENCFF052VUS	dorsolateral prefrontal cortex	tissue	IDR thresholded peaks	ENCODE4 v1.8.0 GRCh38	ENCODE Processing Pipeline	2022-01-06	588610	48708fdc619aafda1b8b5f7bceb4a8ce	https://www.encodeproject.org/files/ENCFF052VUS/@@download/ENCFF052VUS.bed.gz		partially characterized antibody
ENCSR068HEE	ENCFF041FMN	left ventricle myocardium inferior	tissue	IDR thresholded peaks	ENCODE4 v1.8.0 GRCh38	ENCODE Processing Pipeline	2021-07-23	1085211	e349d197b5e26d4225cde39652bbd2fb	https://www.encodeproject.org/files/ENCFF041FMN/@@download/ENCFF041FMN.bed.gz		
ENCSR071XWO	ENCFF375JPE	gastrocnemius medialis	tissue	IDR thresholded peaks	ENCODE4 v1.5.1 GRCh38	ENCODE Processing Pipeline	2016-12-13	458924	7969e7a7018b6eb4d9d5f6266eee7bca	https://www.encodeproject.org/files/ENCFF375JPE/@@download/ENCFF375JPE.bed.gz		
ENCSR072EUE	ENCFF210LUD	OCI-LY1	cell line	IDR thresholded peaks	ENCODE4 v1.5.1 GRCh38	ENCODE Processing Pipeline	2017-11-13	1023737	1f71cd577715273cfb989e5141f0da61	https://www.encodeproject.org/files/ENCFF210LUD/@@download/ENCFF210LUD.bed.gz		
ENCSR073BPG	ENCFF133LGF	dorsolateral prefrontal cortex	tissue	IDR thresholded peaks	ENCODE4 v1.8.0 GRCh38	ENCODE Processing Pipeline	2021-07-23	669619	012dcaa09dde23720f25848d585bd159	https://www.encodeproject.org/files/ENCFF133LGF/@@download/ENCFF133LGF.bed.gz		partially characterized antibody
ENCSR073TPC	ENCFF941QXT	esophagus muscularis mucosa	tissue	IDR thresholded peaks	ENCODE4 v1.5.1 GRCh38	ENCODE Processing Pipeline	2019-09-11	666108	2073ac045bb11fecba31cfe66399ff5d	https://www.encodeproject.org/files/ENCFF941QXT/@@download/ENCFF941QXT.bed.gz		
ENCSR074SFL	ENCFF862AXF	esophagus muscularis mucosa	tissue	IDR thresholded peaks	ENCODE4 v1.5.1 GRCh38	ENCODE Processing Pipeline	2017-03-20	446621	54477bf315967c547e926104edc9fbcf	https://www.encodeproject.org/files/ENCFF862AXF/@@download/ENCFF862AXF.bed.gz		
ENCSR075NRV	ENCFF292JVA	B cell	primary cell	IDR thresholded peaks	ENCODE4 v1.8.0 GRCh38	ENCODE Processing Pipeline	2022-06-09	854619	da9c169bfaebb45502b70a5d347aa332	https://www.encodeproject.org/files/ENCFF292JVA/@@download/ENCFF292JVA.bed.gz		
ENCSR079YAP	ENCFF953QHW	tibial artery	tissue	IDR thresholded peaks	ENCODE4 v1.5.1 GRCh38	ENCODE Processing Pipeline	2019-09-11	535112	f83f34cca942a63a6776c7dc102bd647	https://www.encodeproject.org/files/ENCFF953QHW/@@download/ENCFF953QHW.bed.gz		
ENCSR084RDK	ENCFF102KXV	DOHH2	cell line	IDR thresholded peaks	ENCODE4 v1.5.1 GRCh38	ENCODE Processing Pipeline	2014-07-11	1020436	2c8d71cb84cc24cf0a1288a26b71e2b2	https://www.encodeproject.org/files/ENCFF102KXV/@@download/ENCFF102KXV.bed.gz		poor library complexity, severe bottlenecking
ENCSR089DTY	ENCFF354AMH	omental fat pad	tissue	IDR thresholded peaks	ENCODE4 v1.5.1 GRCh38	ENCODE Processing Pipeline	2017-06-23	95240	c7b42334908d8fe85528a37cf5a38fe4	https://www.encodeproject.org/files/ENCFF354AMH/@@download/ENCFF354AMH.bed.gz		
ENCSR089NBS	ENCFF204QCJ	heart right ventricle	tissue	IDR thresholded peaks	ENCODE4 v1.8.0 GRCh38	ENCODE Processing Pipeline	2021-09-21	851702	65712c75abec524cf250ea34b8d4cc92	https://www.encodeproject.org/files/ENCFF204QCJ/@@download/ENCFF204QCJ.bed.gz		
ENCSR092VKJ	ENCFF666YIG	dorsolateral prefrontal cortex	tissue	IDR thresholded peaks	ENCODE4 v1.8.0 GRCh38	ENCODE Processing Pipeline	2021-07-23	862890	322a0978d8c3b2bde93346b18864ddbc	https://www.encodeproject.org/files/ENCFF666YIG/@@download/ENCFF666YIG.bed.gz		partially characterized antibody
ENCSR094PSL	ENCFF534RYO	dorsolateral prefrontal cortex	tissue	IDR thresholded peaks	ENCODE4 v1.8.0 GRCh38	ENCODE Processing Pipeline	2021-07-23	869648	b5f8ad91ab0ac74738900e0581fb49f9	https://www.encodeproject.org/files/ENCFF534RYO/@@download/ENCFF534RYO.bed.gz		partially characterized antibody
ENCSR102CSD	ENCFF292GYB	transverse colon	tissue	IDR thresholded peaks	ENCODE4 v1.5.1 GRCh38	ENCODE Processing Pipeline	2016-10-25	769603	5e1515af269ef45a5e76343aa1b6404e	https://www.encodeproject.org/files/ENCFF292GYB/@@download/ENCFF292GYB.bed.gz		
ENCSR105HEC	ENCFF787SIQ	activated B cell	primary cell	IDR thresholded peaks	ENCODE4 v1.8.0 GRCh38	ENCODE Processing Pipeline	2022-06-09	194652	9a2d1ee90c934041c582f20d9d2d6ff3	https://www.encodeproject.org/files/ENCFF787SIQ/@@download/ENCFF787SIQ.bed.gz		
ENCSR105KGD	ENCFF749OWQ	heart right ventricle	tissue	IDR thresholded peaks	ENCODE4 v1.8.0 GRCh38	ENCODE Processing Pipeline	2022-06-09	843336	5a6a2b96f2ed6d4609462ea17219d525	https://www.encodeproject.org/files/ENCFF749OWQ/@@download/ENCFF749OWQ.bed.gz		
ENCSR107GWZ	ENCFF673EMS	HCT116	cell line	IDR thresholded peaks	ENCODE4 v1.8.0 GRCh38	ENCODE Processing Pipeline	2022-07-21	1070913	c038bed79079b5d6239169b31b960b61	https://www.encodeproject.org/files/ENCFF673EMS/@@download/ENCFF673EMS.bed.gz		unreplicated experiment
ENCSR113COJ	ENCFF092IAE	pancreas	tissue	IDR thresholded peaks	ENCODE4 v1.5.0 GRCh38	ENCODE Processing Pipeline	2021-04-13	309417	3fd89080b5b4d85e89ff2f4923a9906e	https://www.encodeproject.org/files/ENCFF092IAE/@@download/ENCFF092IAE.bed.gz		
ENCSR116AKQ	ENCFF758CQW	CD8-positive, alpha-beta T cell	primary cell	IDR thresholded peaks	ENCODE4 v1.8.0 GRCh38	ENCODE Processing Pipeline	2022-06-09	597998	909db5ee157d5b72505e3ba00f1b815d	https://www.encodeproject.org/files/ENCFF758CQW/@@download/ENCFF758CQW.bed.gz		
ENCSR125DKL	ENCFF492QAM	SU-DHL-6	cell line	IDR thresholded peaks	ENCODE4 v1.5.1 GRCh38	ENCODE Processing Pipeline	2017-11-29	1144816	cee77b0e19c297404172593f7208a5e1	https://www.encodeproject.org/files/ENCFF492QAM/@@download/ENCFF492QAM.bed.gz		poor library complexity, insufficient read depth, severe bottlenecking
ENCSR125NBL	ENCFF295FMF	neural progenitor cell	in vitro differentiated cells	IDR thresholded peaks	ENCODE4 v1.5.1 GRCh38	ENCODE Processing Pipeline	2017-10-19	1053498	4fcb46c8c71baec830d05e9a371171c1	https://www.encodeproject.org/files/ENCFF295FMF/@@download/ENCFF295FMF.bed.gz		
ENCSR130TQM	ENCFF702WMY	A549	cell line	IDR thresholded peaks	ENCODE4 v1.5.1 GRCh38	ENCODE Processing Pipeline	2016-12-20	722521	6117f32da1abc6d53b1b4d3b019f6087	https://www.encodeproject.org/files/ENCFF702WMY/@@download/ENCFF702WMY.bed.gz		
ENCSR133AFF	ENCFF887BKS	lower lobe of left lung	tissue	IDR thresholded peaks	ENCODE4 v1.5.0 GRCh38	ENCODE Processing Pipeline	2021-04-13	582580	396b4c42d6d332c767b4418fdbb4bd19	https://www.encodeproject.org/files/ENCFF887BKS/@@download/ENCFF887BKS.bed.gz		
ENCSR138FTN	ENCFF264WPL	heart right ventricle	tissue	IDR thresholded peaks	ENCODE4 v1.8.0 GRCh38	ENCODE Processing Pipeline	2022-07-21	659758	b65df78dea439da520367bbd8cc2be64	https://www.encodeproject.org/files/ENCFF264WPL/@@download/ENCFF264WPL.bed.gz		
ENCSR145HBC	ENCFF873BWX	thyroid gland	tissue	IDR thresholded peaks	ENCODE4 v1.5.1 GRCh38	ENCODE Processing Pipeline	2018-12-14	620014	e3c2e81a7461ffb97881f61f5af994ef	https://www.encodeproject.org/files/ENCFF873BWX/@@download/ENCFF873BWX.bed.gz	missing control alignments	
ENCSR146BGM	ENCFF822FUJ	gastroesophageal sphincter	tissue	IDR thresholded peaks	ENCODE4 v1.5.1 GRCh38	ENCODE Processing Pipeline	2016-07-11	695465	f328d4e4baf433a12dd7cef2f9b4f577	https://www.encodeproject.org/files/ENCFF822FUJ/@@download/ENCFF822FUJ.bed.gz		poor library complexity, severe bottlenecking
ENCSR160GVO	ENCFF881BGO	HCT116	cell line	IDR thresholded peaks	ENCODE4 v1.8.0 GRCh38	ENCODE Processing Pipeline	2022-07-21	246216	c7502c6d36bca5f31af5c3e4417b3620	https://www.encodeproject.org/files/ENCFF881BGO/@@download/ENCFF881BGO.bed.gz		unreplicated experiment
ENCSR162KZY	ENCFF476EKR	CD14-positive monocyte	primary cell	IDR thresholded peaks	ENCODE4 v1.8.0 GRCh38	ENCODE Processing Pipeline	2022-06-09	976255	b51388f03bf7c038a83dbc69548290d8	https://www.encodeproject.org/files/ENCFF476EKR/@@download/ENCFF476EKR.bed.gz		
ENCSR163ULN	ENCFF294RSZ	HFFc6	cell line	IDR thresholded peaks	ENCODE4 v1.5.0 GRCh38	ENCODE Processing Pipeline	2021-04-13	1551209	20002722bf1284a8e6449eefb3d1a240	https://www.encodeproject.org/files/ENCFF294RSZ/@@download/ENCFF294RSZ.bed.gz		
ENCSR164ASX	ENCFF238PEB	upper lobe of right lung	tissue	IDR thresholded peaks	ENCODE4 v1.8.0 GRCh38	ENCODE Processing Pipeline	2022-06-09	701820	204ad669904d7dde37438b5bf3ed81ad	https://www.encodeproject.org/files/ENCFF238PEB/@@download/ENCFF238PEB.bed.gz		
ENCSR168KQC	ENCFF477QFS	dorsolateral prefrontal cortex	tissue	IDR thresholded peaks	ENCODE4 v1.8.0 GRCh38	ENCODE Processing Pipeline	2021-07-23	824031	b7d0d4dafed136ccfa31a04c859e1809	https://www.encodeproject.org/files/ENCFF477QFS/@@download/ENCFF477QFS.bed.gz		partially characterized antibody
ENCSR173AIR	ENCFF346IVG	stomach	tissue	IDR thresholded peaks	ENCODE4 v1.5.1 GRCh38	ENCODE Processing Pipeline	2016-07-11	550692	0b470d3ea1812c061707fa210d7a0a30	https://www.encodeproject.org/files/ENCFF346IVG/@@download/ENCFF346IVG.bed.gz		
ENCSR173IEA	ENCFF069WWV	A549	cell line	IDR thresholded peaks	ENCODE4 v1.5.1 GRCh38	ENCODE Processing Pipeline	2016-12-20	749011	7f4d8f02190538fdebfcbc102a4673bd	https://www.encodeproject.org/files/ENCFF069WWV/@@download/ENCFF069WWV.bed.gz		
ENCSR175FLL	ENCFF426FCU	coronary artery	tissue	IDR thresholded peaks	ENCODE4 v1.5.1 GRCh38	ENCODE Processing Pipeline	2017-01-30	586664	5ad9d6d7d70e69f3e42cdba459a162f7	https://www.encodeproject.org/files/ENCFF426FCU/@@download/ENCFF426FCU.bed.gz		severe bottlenecking
ENCSR185CCV	ENCFF900APQ	stomach	tissue	IDR thresholded peaks	ENCODE4 v1.5.1 GRCh38	ENCODE Processing Pipeline	2019-09-11	618447	6e6a2aa605bbe654e18d81a5e22925ce	https://www.encodeproject.org/files/ENCFF900APQ/@@download/ENCFF900APQ.bed.gz		
ENCSR186NVR	ENCFF301BDF	gastroesophageal sphincter	tissue	IDR thresholded peaks	ENCODE4 v1.5.1 GRCh38	ENCODE Processing Pipeline	2017-06-23	597460	32c7ce169db907392744d5ac3f20d6e0	https://www.encodeproject.org/files/ENCFF301BDF/@@download/ENCFF301BDF.bed.gz		
ENCSR188XCX	ENCFF418GYV	adrenal gland	tissue	IDR thresholded peaks	ENCODE4 v1.8.0 GRCh38	ENCODE Processing Pipeline	2021-07-23	738980	ce683b5959960034d29246fadf943b15	https://www.encodeproject.org/files/ENCFF418GYV/@@download/ENCFF418GYV.bed.gz		
ENCSR190BZA	ENCFF835UIE	chondrocyte	in vitro differentiated cells	IDR thresholded peaks	ENCODE4 v1.5.0 GRCh38	ENCODE Processing Pipeline	2021-04-13	1771241	a32cbf6b713eff84e4c0210da5c90aa9	https://www.encodeproject.org/files/ENCFF835UIE/@@download/ENCFF835UIE.bed.gz		
ENCSR193SZD	ENCFF132JHE	MCF 10A	cell line	IDR thresholded peaks	ENCODE4 v1.8.0 GRCh38	ENCODE Processing Pipeline	2022-06-09	658084	89e471f404314557bc765e7bd6510a14	https://www.encodeproject.org/files/ENCFF132JHE/@@download/ENCFF132JHE.bed.gz		unreplicated experiment
ENCSR194JAU	ENCFF029THO	dorsolateral prefrontal cortex	tissue	IDR thresholded peaks	ENCODE4 v1.8.0 GRCh38	ENCODE Processing Pipeline	2022-06-09	788879	6e1f2c2e3d80769dbad8803a5a8336a2	https://www.encodeproject.org/files/ENCFF029THO/@@download/ENCFF029THO.bed.gz		partially characterized antibody
ENCSR194WQV	ENCFF492HPY	nephron	organoid	IDR thresholded peaks	ENCODE4 v1.5.0 GRCh38	ENCODE Processing Pipeline	2021-04-13	633727	b82bdb60689e62c549edb10e9e12cd59	https://www.encodeproject.org/files/ENCFF492HPY/@@download/ENCFF492HPY.bed.gz		unreplicated experiment
ENCSR195POA	ENCFF711KWX	lower lobe of left lung	tissue	IDR thresholded peaks	ENCODE4 v1.5.0 GRCh38	ENCODE Processing Pipeline	2021-04-13	636072	63042ec0966b746a4bd2672254822843	https://www.encodeproject.org/files/ENCFF711KWX/@@download/ENCFF711KWX.bed.gz		
ENCSR196HOM	ENCFF489EMW	epithelial cell of prostate	primary cell	IDR thresholded peaks	ENCODE4 v1.5.1 GRCh38	ENCODE Processing Pipeline	2017-06-23	1849432	8c6dbfdad79167101c8ed294dd8f9e1a	https://www.encodeproject.org/files/ENCFF489EMW/@@download/ENCFF489EMW.bed.gz		
ENCSR203QEB	ENCFF504IUB	Panc1	cell line	IDR thresholded peaks	ENCODE4 v1.5.1 GRCh38	ENCODE Processing Pipeline	2017-07-21	1422418	906bb9a2c92bd063ab150ea638505c1f	https://www.encodeproject.org/files/ENCFF504IUB/@@download/ENCFF504IUB.bed.gz		
ENCSR206ETG	ENCFF950ZID	gastroesophageal sphincter	tissue	IDR thresholded peaks	ENCODE4 v1.5.1 GRCh38	ENCODE Processing Pipeline	2016-07-11	711020	fcc35881ee9f4cfd27a20c111679c501	https://www.encodeproject.org/files/ENCFF950ZID/@@download/ENCFF950ZID.bed.gz		poor library complexity, severe bottlenecking
ENCSR211AFA	ENCFF811LFG	dorsolateral prefrontal cortex	tissue	IDR thresholded peaks	ENCODE4 v1.8.0 GRCh38	ENCODE Processing Pipeline	2021-07-23	723589	bd84e3bbbeaa9ab705ad52f26b7ccaa5	https://www.encodeproject.org/files/ENCFF811LFG/@@download/ENCFF811LFG.bed.gz		partially characterized antibody
ENCSR216SIK	ENCFF072BUT	HCT116	cell line	IDR thresholded peaks	ENCODE4 v1.8.0 GRCh38	ENCODE Processing Pipeline	2022-07-21	894592	a461691aca1969eff4031b76401dd29c	https://www.encodeproject.org/files/ENCFF072BUT/@@download/ENCFF072BUT.bed.gz		unreplicated experiment
ENCSR218MVT	ENCFF083GCU	neural crest cell	in vitro differentiated cells	IDR thresholded peaks	ENCODE4 v1.5.0 GRCh38	ENCODE Processing Pipeline	2021-04-13	985330	78b18f5810c362b06ff101b7278da2d8	https://www.encodeproject.org/files/ENCFF083GCU/@@download/ENCFF083GCU.bed.gz		
ENCSR222SQE	ENCFF829XMK	sigmoid colon	tissue	IDR thresholded peaks	ENCODE4 v1.5.1 GRCh38	ENCODE Processing Pipeline	2016-11-07	424035	a00759878c74245b6da207d2aedd1bca	https://www.encodeproject.org/files/ENCFF829XMK/@@download/ENCFF829XMK.bed.gz		
ENCSR224WWI	ENCFF529BHM	upper lobe of left lung	tissue	IDR thresholded peaks	ENCODE4 v1.5.1 GRCh38	ENCODE Processing Pipeline	2019-09-11	492428	f80c3bd15170a4e7299e79de5ccde7b8	https://www.encodeproject.org/files/ENCFF529BHM/@@download/ENCFF529BHM.bed.gz		
ENCSR225KOS	ENCFF190FEC	brain	organoid	IDR thresholded peaks	ENCODE4 v1.5.0 GRCh38	ENCODE Processing Pipeline	2021-04-13	1365448	498b34f36cbc57a8a3493b8c3ff286da	https://www.encodeproject.org/files/ENCFF190FEC/@@download/ENCFF190FEC.bed.gz		unreplicated experiment
ENCSR225OKX	ENCFF464DDN	omental fat pad	tissue	IDR thresholded peaks	ENCODE4 v1.5.1 GRCh38	ENCODE Processing Pipeline	2016-12-13	195747	6f28c049a8053ecd4b3523f0af0bd8aa	https://www.encodeproject.org/files/ENCFF464DDN/@@download/ENCFF464DDN.bed.gz		
ENCSR225YGX	ENCFF671ANL	spleen	tissue	IDR thresholded peaks	ENCODE4 v1.5.1 GRCh38	ENCODE Processing Pipeline	2019-09-12	802294	7f27be0aaa9f87655addf49e86b962fc	https://www.encodeproject.org/files/ENCFF671ANL/@@download/ENCFF671ANL.bed.gz		
ENCSR230ORT	ENCFF400NQB	prostate gland	tissue	IDR thresholded peaks	ENCODE4 v1.5.1 GRCh38	ENCODE Processing Pipeline	2019-09-11	266436	c3066bf675a5e895592e011a744c312b	https://www.encodeproject.org/files/ENCFF400NQB/@@download/ENCFF400NQB.bed.gz		
ENCSR230RQK	ENCFF206QXQ	dorsolateral prefrontal cortex	tissue	IDR thresholded peaks	ENCODE4 v1.8.0 GRCh38	ENCODE Processing Pipeline	2021-09-21	645405	a881260e8deb3bbfcdfa624c8955f3ca	https://www.encodeproject.org/files/ENCFF206QXQ/@@download/ENCFF206QXQ.bed.gz		partially characterized antibody
ENCSR232OFD	ENCFF790IQB	right atrium auricular region	tissue	IDR thresholded peaks	ENCODE4 v1.5.1 GRCh38	ENCODE Processing Pipeline	2019-09-11	966224	51b80d6c8b1b8862fdbb1b7633bbe6a9	https://www.encodeproject.org/files/ENCFF790IQB/@@download/ENCFF790IQB.bed.gz		
ENCSR234HEM	ENCFF455BVG	spleen	tissue	IDR thresholded peaks	ENCODE4 v1.5.1 GRCh38	ENCODE Processing Pipeline	2016-07-11	332148	9acdf364093f19694cee579e0d3184ca	https://www.encodeproject.org/files/ENCFF455BVG/@@download/ENCFF455BVG.bed.gz		
ENCSR236YGF	ENCFF952OYB	transverse colon	tissue	IDR thresholded peaks	ENCODE4 v1.5.1 GRCh38	ENCODE Processing Pipeline	2017-08-28	590136	92c4d3ee0eb6f2303bfc2dda02336893	https://www.encodeproject.org/files/ENCFF952OYB/@@download/ENCFF952OYB.bed.gz		
ENCSR237BTA	ENCFF070IMT	dorsolateral prefrontal cortex	tissue	IDR thresholded peaks	ENCODE4 v1.8.0 GRCh38	ENCODE Processing Pipeline	2021-07-23	713662	767a569b2c07bc461f579eb197d01c1e	https://www.encodeproject.org/files/ENCFF070IMT/@@download/ENCFF070IMT.bed.gz		partially characterized antibody
ENCSR240PRQ	ENCFF803RIY	HCT116	cell line	IDR thresholded peaks	ENCODE4 v1.5.1 GRCh38	ENCODE Processing Pipeline	2017-10-19	916889	26814faf97412bd5736820ca0dff3e08	https://www.encodeproject.org/files/ENCFF803RIY/@@download/ENCFF803RIY.bed.gz		
ENCSR243INX	ENCFF717RSG	PC-9	cell line	IDR thresholded peaks	ENCODE4 v1.6.1 GRCh38	ENCODE Processing Pipeline	2017-01-12	1106091	85938538f79e96dd31c1d078b6991f5a	https://www.encodeproject.org/files/ENCFF717RSG/@@download/ENCFF717RSG.bed.gz		
ENCSR244KEW	ENCFF051BZX	dorsolateral prefrontal cortex	tissue	IDR thresholded peaks	ENCODE4 v1.8.0 GRCh38	ENCODE Processing Pipeline	2021-07-23	762927	85206604b0f62896b621267f6cf0438b	https://www.encodeproject.org/files/ENCFF051BZX/@@download/ENCFF051BZX.bed.gz		partially characterized antibody
ENCSR249JOH	ENCFF930NKD	A549	cell line	IDR thresholded peaks	ENCODE4 v1.5.1 GRCh38	ENCODE Processing Pipeline	2016-12-20	841442	178d32fb0a8cc8f223de867717010078	https://www.encodeproject.org/files/ENCFF930NKD/@@download/ENCFF930NKD.bed.gz		
ENCSR251BHU	ENCFF108PPI	dorsolateral prefrontal cortex	tissue	IDR thresholded peaks	ENCODE4 v1.8.0 GRCh38	ENCODE Processing Pipeline	2022-01-06	653254	8c61f2c991600099264f23ed4ddaf2eb	https://www.encodeproject.org/files/ENCFF108PPI/@@download/ENCFF108PPI.bed.gz		partially characterized antibody
ENCSR252QYR	ENCFF409HJF	hepatocyte	in vitro differentiated cells	IDR thresholded peaks	ENCODE4 v1.5.1 GRCh38	ENCODE Processing Pipeline	2016-11-23	795092	115b88f664cd1a1cec51bca0a7769ee4	https://www.encodeproject.org/files/ENCFF409HJF/@@download/ENCFF409HJF.bed.gz		poor library complexity
ENCSR252XWG	ENCFF292NVM	lower leg skin	tissue	IDR thresholded peaks	ENCODE4 v1.5.1 GRCh38	ENCODE Processing Pipeline	2016-11-07	221782	7d453fc195d22295c9a7e38ef8f3bfc6	https://www.encodeproject.org/files/ENCFF292NVM/@@download/ENCFF292NVM.bed.gz		
ENCSR253ALG	ENCFF797NOY	pancreas	tissue	IDR thresholded peaks	ENCODE4 v1.5.0 GRCh38	ENCODE Processing Pipeline	2021-04-13	482204	d7674d6c077c387e39f1b4c0788e06fe	https://www.encodeproject.org/files/ENCFF797NOY/@@download/ENCFF797NOY.bed.gz		
ENCSR254YRM	ENCFF095QMD	liver	tissue	IDR thresholded peaks	ENCODE4 v1.5.1 GRCh38	ENCODE Processing Pipeline	2017-04-14	663438	19740f6a5ae94c4d4d315c448085b0da	https://www.encodeproject.org/files/ENCFF095QMD/@@download/ENCFF095QMD.bed.gz		missing input control
ENCSR255SQR	ENCFF992VPQ	left lung	tissue	IDR thresholded peaks	ENCODE4 v1.5.0 GRCh38	ENCODE Processing Pipeline	2021-04-13	572997	baffcf29d08dc47944a8ee8cbb34c404	https://www.encodeproject.org/files/ENCFF992VPQ/@@download/ENCFF992VPQ.bed.gz		
ENCSR259PNW	ENCFF962FDB	dorsolateral prefrontal cortex	tissue	IDR thresholded peaks	ENCODE4 v1.8.0 GRCh38	ENCODE Processing Pipeline	2021-09-21	519207	949d57e38b859065ef78274d21e59247	https://www.encodeproject.org/files/ENCFF962FDB/@@download/ENCFF962FDB.bed.gz		partially characterized antibody
ENCSR260FAS	ENCFF308JDD	neural progenitor cell	in vitro differentiated cells	IDR thresholded peaks	ENCODE4 v1.8.0 GRCh38	ENCODE Processing Pipeline	2022-02-05	1165749	9b921a81cb47aacf2e6bfb9564528422	https://www.encodeproject.org/files/ENCFF308JDD/@@download/ENCFF308JDD.bed.gz		
ENCSR261VAS	ENCFF467GLA	smooth muscle cell	in vitro differentiated cells	IDR thresholded peaks	ENCODE4 v1.5.1 GRCh38	ENCODE Processing Pipeline	2017-12-03	701843	54611f3c71e312c15c3327e88a1f5ece	https://www.encodeproject.org/files/ENCFF467GLA/@@download/ENCFF467GLA.bed.gz		poor library complexity, insufficient read depth, severe bottlenecking
ENCSR265ARE	ENCFF569UXH	VCaP	cell line	IDR thresholded peaks	ENCODE4 v1.5.1 GRCh38	ENCODE Processing Pipeline	2017-07-21	1494283	c6252f3867d0db29a0544b7733136dda	https://www.encodeproject.org/files/ENCFF569UXH/@@download/ENCFF569UXH.bed.gz		
ENCSR265PFQ	ENCFF383VPO	body of pancreas	tissue	IDR thresholded peaks	ENCODE4 v1.5.1 GRCh38	ENCODE Processing Pipeline	2016-11-29	719487	afe7ad983587cfaa09d4c9dd58c620c5	https://www.encodeproject.org/files/ENCFF383VPO/@@download/ENCFF383VPO.bed.gz		
ENCSR266CJT	ENCFF645YCX	spleen	tissue	IDR thresholded peaks	ENCODE4 v1.8.0 GRCh38	ENCODE Processing Pipeline	2021-07-23	334918	0537d65c5aba310bd447f009db36b5a4	https://www.encodeproject.org/files/ENCFF645YCX/@@download/ENCFF645YCX.bed.gz		
ENCSR266UTR	ENCFF384CCC	esophagus squamous epithelium	tissue	IDR thresholded peaks	ENCODE4 v1.5.1 GRCh38	ENCODE Processing Pipeline	2019-09-12	313918	cce57fd39a2bd34fa2df967a00386a1e	https://www.encodeproject.org/files/ENCFF384CCC/@@download/ENCFF384CCC.bed.gz		
ENCSR266ZUX	ENCFF688QHF	nephron	organoid	IDR thresholded peaks	ENCODE4 v1.5.0 GRCh38	ENCODE Processing Pipeline	2021-04-13	679821	11198644b721e7646b0ebc05ec9b9314	https://www.encodeproject.org/files/ENCFF688QHF/@@download/ENCFF688QHF.bed.gz		unreplicated experiment
ENCSR270KFY	ENCFF849FKD	dorsolateral prefrontal cortex	tissue	IDR thresholded peaks	ENCODE4 v1.8.0 GRCh38	ENCODE Processing Pipeline	2021-07-23	756561	861ce14657bb2f166a5edc7e74107395	https://www.encodeproject.org/files/ENCFF849FKD/@@download/ENCFF849FKD.bed.gz		partially characterized antibody
ENCSR275JVX	ENCFF375BSV	dorsolateral prefrontal cortex	tissue	IDR thresholded peaks	ENCODE4 v1.8.0 GRCh38	ENCODE Processing Pipeline	2022-06-09	631344	be7b2c4a76454b1b84dd0007ac23580d	https://www.encodeproject.org/files/ENCFF375BSV/@@download/ENCFF375BSV.bed.gz		partially characterized antibody
ENCSR287UXS	ENCFF139NMR	A549	cell line	IDR thresholded peaks	ENCODE4 v1.5.1 GRCh38	ENCODE Processing Pipeline	2016-12-20	735700	ad978fb8dc2302c1b37cfe0f256dfe40	https://www.encodeproject.org/files/ENCFF139NMR/@@download/ENCFF139NMR.bed.gz		
ENCSR288YJL	ENCFF199LHO	HCT116	cell line	IDR thresholded peaks	ENCODE4 v1.8.0 GRCh38	ENCODE Processing Pipeline	2022-07-21	1120298	5f45d23b46a856202cb150659fb3b255	https://www.encodeproject.org/files/ENCFF199LHO/@@download/ENCFF199LHO.bed.gz		unreplicated experiment
ENCSR291YNH	ENCFF303JQF	placenta	tissue	IDR thresholded peaks	ENCODE4 v1.8.0 GRCh38	ENCODE Processing Pipeline	2022-06-09	777852	a324ed535f90a3953390f8c6b2ffcf3e	https://www.encodeproject.org/files/ENCFF303JQF/@@download/ENCFF303JQF.bed.gz		
ENCSR296JFK	ENCFF904UWV	heart left ventricle	tissue	IDR thresholded peaks	ENCODE4 v1.8.0 GRCh38	ENCODE Processing Pipeline	2021-09-21	880798	b466687e6cd1db44cbc10d3df4013a37	https://www.encodeproject.org/files/ENCFF904UWV/@@download/ENCFF904UWV.bed.gz		
ENCSR298ZPF	ENCFF182DIE	gastroesophageal sphincter	tissue	IDR thresholded peaks	ENCODE4 v1.5.1 GRCh38	ENCODE Processing Pipeline	2019-09-11	767714	36e3301019de8afb1dafbd8149e4fcb0	https://www.encodeproject.org/files/ENCFF182DIE/@@download/ENCFF182DIE.bed.gz		
ENCSR300DWM	ENCFF470CPQ	osteocyte	in vitro differentiated cells	IDR thresholded peaks	ENCODE4 v1.5.0 GRCh38	ENCODE Processing Pipeline	2021-04-13	964083	e5b67d351ac20b07c1ccb925871c85da	https://www.encodeproject.org/files/ENCFF470CPQ/@@download/ENCFF470CPQ.bed.gz		
ENCSR300WOR	ENCFF814BVV	dorsolateral prefrontal cortex	tissue	IDR thresholded peaks	ENCODE4 v1.8.0 GRCh38	ENCODE Processing Pipeline	2021-09-21	654290	b553cee10b8d2d8d6523b2e70e3924fe	https://www.encodeproject.org/files/ENCFF814BVV/@@download/ENCFF814BVV.bed.gz		partially characterized antibody
ENCSR303GFI	ENCFF388BES	RWPE1	cell line	IDR thresholded peaks	ENCODE4 v1.5.1 GRCh38	ENCODE Processing Pipeline	2017-07-21	909423	751140e83ccca7b3851154eece6c6452	https://www.encodeproject.org/files/ENCFF388BES/@@download/ENCFF388BES.bed.gz		
ENCSR304XUZ	ENCFF910ACN	breast epithelium	tissue	IDR thresholded peaks	ENCODE4 v1.5.1 GRCh38	ENCODE Processing Pipeline	2016-10-25	311740	ebafcb4677b5a2f2792b2681dbaee365	https://www.encodeproject.org/files/ENCFF910ACN/@@download/ENCFF910ACN.bed.gz		
ENCSR307PFP	ENCFF225IGV	body of pancreas	tissue	IDR thresholded peaks	ENCODE4 v1.5.1 GRCh38	ENCODE Processing Pipeline	2016-11-07	757596	a783a0020c226100c28e6cc36a8f5bff	https://www.encodeproject.org/files/ENCFF225IGV/@@download/ENCFF225IGV.bed.gz		
ENCSR315NAC	ENCFF658XKP	LNCAP	cell line	IDR thresholded peaks	ENCODE4 v1.5.1 GRCh38	ENCODE Processing Pipeline	2017-06-29	1006137	f00e4c0014c08f533692007b2e3733e7	https://www.encodeproject.org/files/ENCFF658XKP/@@download/ENCFF658XKP.bed.gz		
ENCSR323ZAP	ENCFF564KJT	heart right ventricle	tissue	IDR thresholded peaks	ENCODE4 v1.8.0 GRCh38	ENCODE Processing Pipeline	2021-09-21	769826	7ffe3f05a1e42abe0a18d41275784efd	https://www.encodeproject.org/files/ENCFF564KJT/@@download/ENCFF564KJT.bed.gz		
ENCSR329KRE	ENCFF659ZSO	dorsolateral prefrontal cortex	tissue	IDR thresholded peaks	ENCODE4 v1.8.0 GRCh38	ENCODE Processing Pipeline	2021-07-23	843302	7e5c25816cf98ef65c38540ae9f7429e	https://www.encodeproject.org/files/ENCFF659ZSO/@@download/ENCFF659ZSO.bed.gz		partially characterized antibody
ENCSR331OGX	ENCFF947KIQ	thyroid gland	tissue	IDR thresholded peaks	ENCODE4 v1.5.1 GRCh38	ENCODE Processing Pipeline	2019-09-11	312015	fe795cff3e13f41e5a5d63776fab64a1	https://www.encodeproject.org/files/ENCFF947KIQ/@@download/ENCFF947KIQ.bed.gz		
ENCSR332WTG	ENCFF695XWD	dorsolateral prefrontal cortex	tissue	IDR thresholded peaks	ENCODE4 v1.8.0 GRCh38	ENCODE Processing Pipeline	2021-09-21	718323	0642dfb659b64a14c6670145aa696744	https://www.encodeproject.org/files/ENCFF695XWD/@@download/ENCFF695XWD.bed.gz		partially characterized antibody
ENCSR336PTS	ENCFF406EOR	parathyroid adenoma	tissue	IDR thresholded peaks	ENCODE4 v1.7.0 GRCh38	ENCODE Processing Pipeline	2017-12-08	566189	1ec204676c49b2a3d63956ca42ebe126	https://www.encodeproject.org/files/ENCFF406EOR/@@download/ENCFF406EOR.bed.gz		
ENCSR336VBV	ENCFF680XNT	A549	cell line	IDR thresholded peaks	ENCODE4 v1.5.1 GRCh38	ENCODE Processing Pipeline	2016-12-20	819445	261d42a66b444bbbdc3678238a53532a	https://www.encodeproject.org/files/ENCFF680XNT/@@download/ENCFF680XNT.bed.gz		
ENCSR341OQG	ENCFF825TRN	HCT116	cell line	IDR thresholded peaks	ENCODE4 v1.8.0 GRCh38	ENCODE Processing Pipeline	2022-07-21	931951	befb7bf17f2a21fae093cda8e53d9438	https://www.encodeproject.org/files/ENCFF825TRN/@@download/ENCFF825TRN.bed.gz		unreplicated experiment
ENCSR343RJH	ENCFF168NJX	spleen	tissue	IDR thresholded peaks	ENCODE4 v1.5.1 GRCh38	ENCODE Processing Pipeline	2019-09-12	669676	1a919182b8987e526546e18371623cf5	https://www.encodeproject.org/files/ENCFF168NJX/@@download/ENCFF168NJX.bed.gz		
ENCSR347MXL	ENCFF213WPO	activated CD8-positive, alpha-beta T cell	primary cell	IDR thresholded peaks	ENCODE4 v1.8.0 GRCh38	ENCODE Processing Pipeline	2022-06-09	836272	c9de049dab1a2eff9313c0906b0f191a	https://www.encodeproject.org/files/ENCFF213WPO/@@download/ENCFF213WPO.bed.gz		
ENCSR350NBQ	ENCFF749GUK	heart left ventricle	tissue	IDR thresholded peaks	ENCODE4 v1.8.0 GRCh38	ENCODE Processing Pipeline	2021-09-21	734156	52f53307d8d0314c6f86e86cbbdb2069	https://www.encodeproject.org/files/ENCFF749GUK/@@download/ENCFF749GUK.bed.gz		
ENCSR351SWL	ENCFF821ZJF	dorsolateral prefrontal cortex	tissue	IDR thresholded peaks	ENCODE4 v1.8.0 GRCh38	ENCODE Processing Pipeline	2022-01-06	549461	0006e70409d2f83a23558c2fab68e1fa	https://www.encodeproject.org/files/ENCFF821ZJF/@@download/ENCFF821ZJF.bed.gz		partially characterized antibody
ENCSR352EIC	ENCFF845DWR	HCT116	cell line	IDR thresholded peaks	ENCODE4 v1.8.0 GRCh38	ENCODE Processing Pipeline	2022-07-21	928435	5a9e98c32a88fbbb9adf3478baeb7e4e	https://www.encodeproject.org/files/ENCFF845DWR/@@download/ENCFF845DWR.bed.gz		unreplicated experiment
ENCSR353DFU	ENCFF144ERC	esophagus muscularis mucosa	tissue	IDR thresholded peaks	ENCODE4 v1.5.1 GRCh38	ENCODE Processing Pipeline	2017-04-04	561590	a55c225f78bd8c3b59a7acefd52515c9	https://www.encodeproject.org/files/ENCFF144ERC/@@download/ENCFF144ERC.bed.gz		
ENCSR355ALW	ENCFF432VTH	gastrocnemius medialis	tissue	IDR thresholded peaks	ENCODE4 v1.5.1 GRCh38	ENCODE Processing Pipeline	2019-09-12	597806	37184485df9a62129f5d931c03347480	https://www.encodeproject.org/files/ENCFF432VTH/@@download/ENCFF432VTH.bed.gz		
ENCSR355PMV	ENCFF641ZTX	heart left ventricle	tissue	IDR thresholded peaks	ENCODE4 v1.5.0 GRCh38	ENCODE Processing Pipeline	2020-09-24	502271	3f01c9c7b2b16ca42bc39e558d5e6adb	https://www.encodeproject.org/files/ENCFF641ZTX/@@download/ENCFF641ZTX.bed.gz		
ENCSR359LOD	ENCFF456MYE	PC-3	cell line	IDR thresholded peaks	ENCODE4 v1.5.1 GRCh38	ENCODE Processing Pipeline	2017-10-19	1165510	d7f4619ecec3182c98f2b9cb005ec33c	https://www.encodeproject.org/files/ENCFF456MYE/@@download/ENCFF456MYE.bed.gz		
ENCSR361KVZ	ENCFF590JWL	stomach	tissue	IDR thresholded peaks	ENCODE4 v1.5.1 GRCh38	ENCODE Processing Pipeline	2018-12-14	406234	d47b96a7a97ddb29dea424e0d4033ba3	https://www.encodeproject.org/files/ENCFF590JWL/@@download/ENCFF590JWL.bed.gz		
ENCSR369RRE	ENCFF873GEN	dorsolateral prefrontal cortex	tissue	IDR thresholded peaks	ENCODE4 v1.8.0 GRCh38	ENCODE Processing Pipeline	2021-07-23	1117575	00c7271ccda2f252da1db021323e870d	https://www.encodeproject.org/files/ENCFF873GEN/@@download/ENCFF873GEN.bed.gz		partially characterized antibody
ENCSR372JWF	ENCFF881GDD	dorsolateral prefrontal cortex	tissue	IDR thresholded peaks	ENCODE4 v1.8.0 GRCh38	ENCODE Processing Pipeline	2021-07-23	766262	aa8020208be562ad62cb5649e4cb9e7c	https://www.encodeproject.org/files/ENCFF881GDD/@@download/ENCFF881GDD.bed.gz		partially characterized antibody
ENCSR374PKX	ENCFF132UGC	dorsolateral prefrontal cortex	tissue	IDR thresholded peaks	ENCODE4 v1.8.0 GRCh38	ENCODE Processing Pipeline	2022-01-06	612679	e01c0cbf866df6f59e03dbe4f39cf5a7	https://www.encodeproject.org/files/ENCFF132UGC/@@download/ENCFF132UGC.bed.gz		partially characterized antibody
ENCSR375VXU	ENCFF013GUN	Peyer's patch	tissue	IDR thresholded peaks	ENCODE4 v1.5.1 GRCh38	ENCODE Processing Pipeline	2017-01-30	814413	f5e397afb87914e89a99b6df1623d3b0	https://www.encodeproject.org/files/ENCFF013GUN/@@download/ENCFF013GUN.bed.gz		
ENCSR376EOW	ENCFF223LTI	heart right ventricle	tissue	IDR thresholded peaks	ENCODE4 v1.8.0 GRCh38	ENCODE Processing Pipeline	2021-09-21	765964	81361d45e810b1bbfce161df92419fae	https://www.encodeproject.org/files/ENCFF223LTI/@@download/ENCFF223LTI.bed.gz		
ENCSR378BVM	ENCFF759TJN	dorsolateral prefrontal cortex	tissue	IDR thresholded peaks	ENCODE4 v1.8.0 GRCh38	ENCODE Processing Pipeline	2021-07-23	783322	910436e9119b5d18405e1cfec4f954c6	https://www.encodeproject.org/files/ENCFF759TJN/@@download/ENCFF759TJN.bed.gz		partially characterized antibody
ENCSR378KET	ENCFF246XGW	dorsolateral prefrontal cortex	tissue	IDR thresholded peaks	ENCODE4 v1.8.0 GRCh38	ENCODE Processing Pipeline	2021-09-21	678266	f481d8c8304acfcf00c49d43971ce8fc	https://www.encodeproject.org/files/ENCFF246XGW/@@download/ENCFF246XGW.bed.gz		partially characterized antibody
ENCSR380WJL	ENCFF663OEV	colonic mucosa	tissue	IDR thresholded peaks	ENCODE4 v1.8.0 GRCh38	ENCODE Processing Pipeline	2022-02-04	535292	50c259b329c1b17a6588af1cbdc12dd5	https://www.encodeproject.org/files/ENCFF663OEV/@@download/ENCFF663OEV.bed.gz		
ENCSR384DBJ	ENCFF895HTB	dorsolateral prefrontal cortex	tissue	IDR thresholded peaks	ENCODE4 v1.8.0 GRCh38	ENCODE Processing Pipeline	2022-07-21	575178	728054166bc4a668282028d10787e7eb	https://www.encodeproject.org/files/ENCFF895HTB/@@download/ENCFF895HTB.bed.gz		partially characterized antibody
ENCSR384KPP	ENCFF254UHQ	A549	cell line	IDR thresholded peaks	ENCODE4 v1.5.1 GRCh38	ENCODE Processing Pipeline	2016-12-20	757294	1904bb59e06f94c865569164c743505c	https://www.encodeproject.org/files/ENCFF254UHQ/@@download/ENCFF254UHQ.bed.gz		
ENCSR385CDF	ENCFF067QSR	HCT116	cell line	IDR thresholded peaks	ENCODE4 v1.8.0 GRCh38	ENCODE Processing Pipeline	2022-07-21	647380	61822d94e07fd873055563c0f1117cbf	https://www.encodeproject.org/files/ENCFF067QSR/@@download/ENCFF067QSR.bed.gz		unreplicated experiment
ENCSR391ZKN	ENCFF060DLE	Peyer's patch	tissue	IDR thresholded peaks	ENCODE4 v1.5.1 GRCh38	ENCODE Processing Pipeline	2017-01-30	341242	e985a8230151322ef797c6ac218469fd	https://www.encodeproject.org/files/ENCFF060DLE/@@download/ENCFF060DLE.bed.gz		
ENCSR392SFJ	ENCFF201PUR	uterus	tissue	IDR thresholded peaks	ENCODE4 v1.5.1 GRCh38	ENCODE Processing Pipeline	2016-11-07	576384	93cd1bba11e2c06c38863c7acc2535bf	https://www.encodeproject.org/files/ENCFF201PUR/@@download/ENCFF201PUR.bed.gz		
ENCSR398RET	ENCFF130WLZ	endodermal cell	in vitro differentiated cells	IDR thresholded peaks	ENCODE4 v1.5.0 GRCh38	ENCODE Processing Pipeline	2021-04-13	1522894	df1e812fc9dca2ef3efffbd3e42c3639	https://www.encodeproject.org/files/ENCFF130WLZ/@@download/ENCFF130WLZ.bed.gz		
ENCSR401KRN	ENCFF828VJU	right atrium auricular region	tissue	IDR thresholded peaks	ENCODE4 v1.5.1 GRCh38	ENCODE Processing Pipeline	2019-09-11	407094	0401acfc895a88c431ec4e3a76cf3031	https://www.encodeproject.org/files/ENCFF828VJU/@@download/ENCFF828VJU.bed.gz		
ENCSR402IDP	ENCFF457QOK	MM.1S	cell line	IDR thresholded peaks	ENCODE4 v1.5.1 GRCh38	ENCODE Processing Pipeline	2016-08-11	756807	04a3d7e21e8b6a478cfcfcf4261d238f	https://www.encodeproject.org/files/ENCFF457QOK/@@download/ENCFF457QOK.bed.gz		
ENCSR408XTO	ENCFF921NTC	body of pancreas	tissue	IDR thresholded peaks	ENCODE4 v1.5.1 GRCh38	ENCODE Processing Pipeline	2016-11-07	790840	07ae386f5eae1bf3f15fc4739675daa0	https://www.encodeproject.org/files/ENCFF921NTC/@@download/ENCFF921NTC.bed.gz		
ENCSR408ZEE	ENCFF345BDJ	adrenal gland	tissue	IDR thresholded peaks	ENCODE4 v1.5.1 GRCh38	ENCODE Processing Pipeline	2018-12-14	427055	e7e647af22bfdf096add1553298d0907	https://www.encodeproject.org/files/ENCFF345BDJ/@@download/ENCFF345BDJ.bed.gz		
ENCSR414CQB	ENCFF885IYS	A549	cell line	IDR thresholded peaks	ENCODE4 v1.5.1 GRCh38	ENCODE Processing Pipeline	2016-12-20	732704	a89225c5c01064a4e833edbec104581e	https://www.encodeproject.org/files/ENCFF885IYS/@@download/ENCFF885IYS.bed.gz		
ENCSR419ANE	ENCFF631JVL	Peyer's patch	tissue	IDR thresholded peaks	ENCODE4 v1.5.1 GRCh38	ENCODE Processing Pipeline	2017-01-30	706981	7811ce0f30a8688eeb06bc6ee0e607fa	https://www.encodeproject.org/files/ENCFF631JVL/@@download/ENCFF631JVL.bed.gz		
ENCSR423MQG	ENCFF299IFD	brain	organoid	IDR thresholded peaks	ENCODE4 v1.8.0 GRCh38	ENCODE Processing Pipeline	2022-03-28	858328	fd33a64dac5a39da25974771b299629a	https://www.encodeproject.org/files/ENCFF299IFD/@@download/ENCFF299IFD.bed.gz		unreplicated experiment
ENCSR423ZUM	ENCFF822EDI	dorsolateral prefrontal cortex	tissue	IDR thresholded peaks	ENCODE4 v1.8.0 GRCh38	ENCODE Processing Pipeline	2021-07-23	779339	4dae28c4eedc8ff975d3c0c87c60d9fc	https://www.encodeproject.org/files/ENCFF822EDI/@@download/ENCFF822EDI.bed.gz		partially characterized antibody
ENCSR428BKN	ENCFF575JKS	gastrocnemius medialis	tissue	IDR thresholded peaks	ENCODE4 v1.5.1 GRCh38	ENCODE Processing Pipeline	2016-12-13	542196	c7aa286e99431f31f7321837a8d44ef6	https://www.encodeproject.org/files/ENCFF575JKS/@@download/ENCFF575JKS.bed.gz		
ENCSR430TEE	ENCFF405VLP	lower leg skin	tissue	IDR thresholded peaks	ENCODE4 v1.5.1 GRCh38	ENCODE Processing Pipeline	2016-11-07	13123	92b8bdd572f98e0149c731a752d2e894	https://www.encodeproject.org/files/ENCFF405VLP/@@download/ENCFF405VLP.bed.gz		
ENCSR430YRJ	ENCFF550FBN	KMS-11	cell line	IDR thresholded peaks	ENCODE4 v1.6.1 GRCh38	ENCODE Processing Pipeline	2017-11-13	907296	9ceddb41094fd8d4031d6b00db162d7c	https://www.encodeproject.org/files/ENCFF550FBN/@@download/ENCFF550FBN.bed.gz		
ENCSR432AXE	ENCFF627ZPL	A549	cell line	IDR thresholded peaks	ENCODE4 v1.5.1 GRCh38	ENCODE Processing Pipeline	2016-12-20	729127	117fd9c7cffefadabfdb62ce36130d31	https://www.encodeproject.org/files/ENCFF627ZPL/@@download/ENCFF627ZPL.bed.gz		
ENCSR434XLP	ENCFF144XGH	tibial nerve	tissue	IDR thresholded peaks	ENCODE4 v1.5.1 GRCh38	ENCODE Processing Pipeline	2016-12-13	672316	7bc6e36217617a99beede3c2e3365546	https://www.encodeproject.org/files/ENCFF144XGH/@@download/ENCFF144XGH.bed.gz		
ENCSR443NWG	ENCFF981UJM	dorsolateral prefrontal cortex	tissue	IDR thresholded peaks	ENCODE4 v1.8.0 GRCh38	ENCODE Processing Pipeline	2021-09-21	1048674	55679326eb6234abb10f24b998daf055	https://www.encodeproject.org/files/ENCFF981UJM/@@download/ENCFF981UJM.bed.gz		partially characterized antibody
ENCSR443WKD	ENCFF851XPN	esophagus muscularis mucosa	tissue	IDR thresholded peaks	ENCODE4 v1.5.1 GRCh38	ENCODE Processing Pipeline	2019-08-01	551521	7630b1bba8953c17c79cfe1b7d970592	https://www.encodeproject.org/files/ENCFF851XPN/@@download/ENCFF851XPN.bed.gz		
ENCSR445NJB	ENCFF292VJF	dorsolateral prefrontal cortex	tissue	IDR thresholded peaks	ENCODE4 v1.8.0 GRCh38	ENCODE Processing Pipeline	2021-07-23	894644	03b7ee0625e6549c3000fd2b662e04a9	https://www.encodeproject.org/files/ENCFF292VJF/@@download/ENCFF292VJF.bed.gz		partially characterized antibody
ENCSR446FOM	ENCFF701LJL	HCT116	cell line	IDR thresholded peaks	ENCODE4 v1.8.0 GRCh38	ENCODE Processing Pipeline	2022-07-21	915860	f8b23fc8588bf701dbbdc1c02f22ce7e	https://www.encodeproject.org/files/ENCFF701LJL/@@download/ENCFF701LJL.bed.gz		unreplicated experiment
ENCSR447ANW	ENCFF444FPK	coronary artery	tissue	IDR thresholded peaks	ENCODE4 v1.5.1 GRCh38	ENCODE Processing Pipeline	2019-09-11	380200	36ba9e96c73375c83d5dc842dc47b9e6	https://www.encodeproject.org/files/ENCFF444FPK/@@download/ENCFF444FPK.bed.gz		
ENCSR449SEF	ENCFF781DVR	transverse colon	tissue	IDR thresholded peaks	ENCODE4 v1.5.1 GRCh38	ENCODE Processing Pipeline	2018-12-14	580279	7da6868c70268e6e72002f66284fafd8	https://www.encodeproject.org/files/ENCFF781DVR/@@download/ENCFF781DVR.bed.gz		
ENCSR450BLH	ENCFF036CYO	adrenal gland	tissue	IDR thresholded peaks	ENCODE4 v1.5.1 GRCh38	ENCODE Processing Pipeline	2016-11-07	793726	ee6254da3b8a39c3d77c3e96c1d66c90	https://www.encodeproject.org/files/ENCFF036CYO/@@download/ENCFF036CYO.bed.gz		
ENCSR450DXU	ENCFF970MXD	HCT116	cell line	IDR thresholded peaks	ENCODE4 v1.8.0 GRCh38	ENCODE Processing Pipeline	2022-07-21	743755	a84fe75166448e8db30b9e991c166b7c	https://www.encodeproject.org/files/ENCFF970MXD/@@download/ENCFF970MXD.bed.gz		unreplicated experiment
ENCSR450FRI	ENCFF129JPF	esophagus squamous epithelium	tissue	IDR thresholded peaks	ENCODE4 v1.5.1 GRCh38	ENCODE Processing Pipeline	2016-12-13	839111	0d9c3bde5239474573b4d59a27212028	https://www.encodeproject.org/files/ENCFF129JPF/@@download/ENCFF129JPF.bed.gz		
ENCSR452KYY	ENCFF306BLG	dorsolateral prefrontal cortex	tissue	IDR thresholded peaks	ENCODE4 v1.8.0 GRCh38	ENCODE Processing Pipeline	2021-09-21	374988	f85135c1099f3c5faa3bf45afa6a6bbf	https://www.encodeproject.org/files/ENCFF306BLG/@@download/ENCFF306BLG.bed.gz		partially characterized antibody
ENCSR458PYQ	ENCFF597OLC	type B pancreatic cell	in vitro differentiated cells	IDR thresholded peaks	ENCODE4 v1.5.0 GRCh38	ENCODE Processing Pipeline	2021-04-13	1423828	255126b052be6151b8af72484039b18e	https://www.encodeproject.org/files/ENCFF597OLC/@@download/ENCFF597OLC.bed.gz		
ENCSR460LGH	ENCFF748YHT	C4-2B	cell line	IDR thresholded peaks	ENCODE4 v1.5.1 GRCh38	ENCODE Processing Pipeline	2017-07-21	1777768	4c8c8c3ab2dbbf1e5d1c48b934557443	https://www.encodeproject.org/files/ENCFF748YHT/@@download/ENCFF748YHT.bed.gz		
ENCSR461HOC	ENCFF978LAN	heart left ventricle	tissue	IDR thresholded peaks	ENCODE4 v1.8.0 GRCh38	ENCODE Processing Pipeline	2022-07-21	591119	4ee58f072ba8f7b8235d0097be086300	https://www.encodeproject.org/files/ENCFF978LAN/@@download/ENCFF978LAN.bed.gz		
ENCSR461VHZ	ENCFF896MXI	astrocyte	in vitro differentiated cells	IDR thresholded peaks	ENCODE4 v1.5.0 GRCh38	ENCODE Processing Pipeline	2021-04-13	533776	adc6e14ce7bb0d1971759fc5bcbf526e	https://www.encodeproject.org/files/ENCFF896MXI/@@download/ENCFF896MXI.bed.gz		unreplicated experiment
ENCSR463XCZ	ENCFF690VRK	upper lobe of left lung	tissue	IDR thresholded peaks	ENCODE4 v1.5.1 GRCh38	ENCODE Processing Pipeline	2019-09-11	593227	348cf76231f66cc2998d014f20adf8a7	https://www.encodeproject.org/files/ENCFF690VRK/@@download/ENCFF690VRK.bed.gz		
ENCSR464DKE	ENCFF211TFI	Loucy	cell line	IDR thresholded peaks	ENCODE4 v1.5.1 GRCh38	ENCODE Processing Pipeline	2014-09-04	1059145	7bf5383adb777fd63f6dc1479c2d7bae	https://www.encodeproject.org/files/ENCFF211TFI/@@download/ENCFF211TFI.bed.gz		
ENCSR466TNQ	ENCFF549WAF	spleen	tissue	IDR thresholded peaks	ENCODE4 v1.8.0 GRCh38	ENCODE Processing Pipeline	2021-06-24	402715	dcb09ad32f5b516c8b8661391e358312	https://www.encodeproject.org/files/ENCFF549WAF/@@download/ENCFF549WAF.bed.gz		
ENCSR467EQP	ENCFF799RCZ	brain	organoid	IDR thresholded peaks	ENCODE4 v1.5.0 GRCh38	ENCODE Processing Pipeline	2021-04-13	777844	f806f55d8eb4630d29e4817f0a3c5220	https://www.encodeproject.org/files/ENCFF799RCZ/@@download/ENCFF799RCZ.bed.gz		
ENCSR469POZ	ENCFF831KJJ	tibial nerve	tissue	IDR thresholded peaks	ENCODE4 v1.5.1 GRCh38	ENCODE Processing Pipeline	2016-12-08	630750	7eaeaa263def645be84f3a2b40702cbb	https://www.encodeproject.org/files/ENCFF831KJJ/@@download/ENCFF831KJJ.bed.gz		
ENCSR470KCE	ENCFF858TLX	CD4-positive, alpha-beta T cell	primary cell	IDR thresholded peaks	ENCODE4 v1.8.0 GRCh38	ENCODE Processing Pipeline	2022-06-09	676852	8d3b0155d380a141394f52c9ccbb244c	https://www.encodeproject.org/files/ENCFF858TLX/@@download/ENCFF858TLX.bed.gz		
ENCSR473DVS	ENCFF167QRJ	heart right ventricle	tissue	IDR thresholded peaks	ENCODE4 v1.5.0 GRCh38	ENCODE Processing Pipeline	2021-04-13	374221	4fb023c73a81e1d6ee1abaff622ef87c	https://www.encodeproject.org/files/ENCFF167QRJ/@@download/ENCFF167QRJ.bed.gz		
ENCSR482PMN	ENCFF047BEO	spleen	tissue	IDR thresholded peaks	ENCODE4 v1.5.1 GRCh38	ENCODE Processing Pipeline	2016-07-11	576576	3774508a75685030fc91ee77cbbdd9fe	https://www.encodeproject.org/files/ENCFF047BEO/@@download/ENCFF047BEO.bed.gz		
ENCSR484DDO	ENCFF061ZXI	body of pancreas	tissue	IDR thresholded peaks	ENCODE4 v1.5.1 GRCh38	ENCODE Processing Pipeline	2016-11-07	702085	76d82bdd68fa17f6772dfb4d9bdfb68f	https://www.encodeproject.org/files/ENCFF061ZXI/@@download/ENCFF061ZXI.bed.gz		
ENCSR485VQV	ENCFF503GIR	suprapubic skin	tissue	IDR thresholded peaks	ENCODE4 v1.5.1 GRCh38	ENCODE Processing Pipeline	2019-09-11	515281	c0fd94f47b17107e5aec5577b4c7baea	https://www.encodeproject.org/files/ENCFF503GIR/@@download/ENCFF503GIR.bed.gz		
ENCSR489QDF	ENCFF579WDY	glutamatergic neuron	in vitro differentiated cells	IDR thresholded peaks	ENCODE4 v1.5.0 GRCh38	ENCODE Processing Pipeline	2021-04-13	934353	3977fe83e60b5e461d760db031e8464e	https://www.encodeproject.org/files/ENCFF579WDY/@@download/ENCFF579WDY.bed.gz		unreplicated experiment, partially characterized antibody
ENCSR492ZIW	ENCFF035HJW	thyroid gland	tissue	IDR thresholded peaks	ENCODE4 v1.5.1 GRCh38	ENCODE Processing Pipeline	2016-11-07	682618	31dd43adbb986c214e7b9b4632466feb	https://www.encodeproject.org/files/ENCFF035HJW/@@download/ENCFF035HJW.bed.gz		
ENCSR493APD	ENCFF782GIY	ovary	tissue	IDR thresholded peaks	ENCODE4 v1.5.1 GRCh38	ENCODE Processing Pipeline	2016-12-13	411420	e0f59cdf469e11b765f656e7abe96414	https://www.encodeproject.org/files/ENCFF782GIY/@@download/ENCFF782GIY.bed.gz		
ENCSR494TNM	ENCFF387GJA	testis	tissue	IDR thresholded peaks	ENCODE4 v1.5.1 GRCh38	ENCODE Processing Pipeline	2016-12-13	414930	d7f5227f2fe487a5975f7495898d3bba	https://www.encodeproject.org/files/ENCFF387GJA/@@download/ENCFF387GJA.bed.gz		
ENCSR505RTK	ENCFF140FHE	heart right ventricle	tissue	IDR thresholded peaks	ENCODE4 v1.5.0 GRCh38	ENCODE Processing Pipeline	2021-04-13	659265	8319b28f5b75f2c64d1828c76bb128e5	https://www.encodeproject.org/files/ENCFF140FHE/@@download/ENCFF140FHE.bed.gz		
ENCSR505ZGX	ENCFF467TUY	thyroid gland	tissue	IDR thresholded peaks	ENCODE4 v1.5.1 GRCh38	ENCODE Processing Pipeline	2019-09-11	328632	7a33556a94cde0c67caede875449ea69	https://www.encodeproject.org/files/ENCFF467TUY/@@download/ENCFF467TUY.bed.gz		
ENCSR515LRI	ENCFF642DLX	suprapubic skin	tissue	IDR thresholded peaks	ENCODE4 v1.5.1 GRCh38	ENCODE Processing Pipeline	2016-07-11	164144	ad9624dff7c86a99896c73f6713c5564	https://www.encodeproject.org/files/ENCFF642DLX/@@download/ENCFF642DLX.bed.gz		poor library complexity, severe bottlenecking
ENCSR525VXD	ENCFF201FRB	dorsolateral prefrontal cortex	tissue	IDR thresholded peaks	ENCODE4 v1.8.0 GRCh38	ENCODE Processing Pipeline	2021-07-23	547158	9978121c251772daff72b28b4d4bb00a	https://www.encodeproject.org/files/ENCFF201FRB/@@download/ENCFF201FRB.bed.gz		partially characterized antibody
ENCSR527TPP	ENCFF447GBU	uterus	tissue	IDR thresholded peaks	ENCODE4 v1.5.1 GRCh38	ENCODE Processing Pipeline	2018-12-14	439952	72ced27d0c08bde7aec92600bf814a5c	https://www.encodeproject.org/files/ENCFF447GBU/@@download/ENCFF447GBU.bed.gz		
ENCSR541AMF	ENCFF244QKO	SK-N-SH	cell line	IDR thresholded peaks	ENCODE4 v1.6.1 GRCh38	ENCODE Processing Pipeline	2017-11-13	1007324	a83c2a3c7bf8ce33e38821a72804b868	https://www.encodeproject.org/files/ENCFF244QKO/@@download/ENCFF244QKO.bed.gz		
ENCSR542SCB	ENCFF574ILL	Peyer's patch	tissue	IDR thresholded peaks	ENCODE4 v1.5.1 GRCh38	ENCODE Processing Pipeline	2019-09-11	294691	05a52013b088b639b49a9d46be9a8eac	https://www.encodeproject.org/files/ENCFF574ILL/@@download/ENCFF574ILL.bed.gz		
ENCSR544APK	ENCFF165RCX	heart left ventricle	tissue	IDR thresholded peaks	ENCODE4 v1.5.1 GRCh38	ENCODE Processing Pipeline	2017-01-30	737069	52ce6c1d5467ec14a83de21bea9882f6	https://www.encodeproject.org/files/ENCFF165RCX/@@download/ENCFF165RCX.bed.gz		severe bottlenecking
ENCSR548DDS	ENCFF130ADS	ovary	tissue	IDR thresholded peaks	ENCODE4 v1.5.1 GRCh38	ENCODE Processing Pipeline	2016-12-19	420048	3ffaa8b42128e1baed04737c0a6da27d	https://www.encodeproject.org/files/ENCFF130ADS/@@download/ENCFF130ADS.bed.gz		
ENCSR549TXG	ENCFF782UJX	thoracic aorta	tissue	IDR thresholded peaks	ENCODE4 v1.5.1 GRCh38	ENCODE Processing Pipeline	2019-09-11	545362	354e5c24d4c36311dcd49cfd2e9abc98	https://www.encodeproject.org/files/ENCFF782UJX/@@download/ENCFF782UJX.bed.gz		
ENCSR549WAU	ENCFF515HTQ	stomach	tissue	IDR thresholded peaks	ENCODE4 v1.5.1 GRCh38	ENCODE Processing Pipeline	2016-07-11	385967	b077fb7f4069d77e6be9e2f55050fbe5	https://www.encodeproject.org/files/ENCFF515HTQ/@@download/ENCFF515HTQ.bed.gz		
ENCSR553UWG	ENCFF178WRF	A549	cell line	IDR thresholded peaks	ENCODE4 v1.5.1 GRCh38	ENCODE Processing Pipeline	2016-12-20	795340	60d9236e39715accc98a3b8c8b4984cf	https://www.encodeproject.org/files/ENCFF178WRF/@@download/ENCFF178WRF.bed.gz		
ENCSR555DCD	ENCFF702SXD	ascending aorta	tissue	IDR thresholded peaks	ENCODE4 v1.5.1 GRCh38	ENCODE Processing Pipeline	2019-09-11	462048	514077fe17ca7ca47fb2807d4167ceb1	https://www.encodeproject.org/files/ENCFF702SXD/@@download/ENCFF702SXD.bed.gz		
ENCSR558HTE	ENCFF613UQP	transverse colon	tissue	IDR thresholded peaks	ENCODE4 v1.5.1 GRCh38	ENCODE Processing Pipeline	2016-07-11	166137	d7d470b161a0aacb9b7fc16fd6f5c358	https://www.encodeproject.org/files/ENCFF613UQP/@@download/ENCFF613UQP.bed.gz		
ENCSR559KAB	ENCFF938CMJ	esophagus muscularis mucosa	tissue	IDR thresholded peaks	ENCODE4 v1.5.1 GRCh38	ENCODE Processing Pipeline	2016-12-19	547055	3bdf338ff60e7ad64f8057b802bed889	https://www.encodeproject.org/files/ENCFF938CMJ/@@download/ENCFF938CMJ.bed.gz		
ENCSR560BUE	ENCFF278FNP	MCF-7	cell line	IDR thresholded peaks	ENCODE4 v1.5.1 GRCh38	ENCODE Processing Pipeline	2017-10-19	954138	cd72f3e62dcf178e053e5c27d39b8ba5	https://www.encodeproject.org/files/ENCFF278FNP/@@download/ENCFF278FNP.bed.gz		
ENCSR565HBN	ENCFF794LOO	heart left ventricle	tissue	IDR thresholded peaks	ENCODE4 v1.5.0 GRCh38	ENCODE Processing Pipeline	2020-09-24	500670	8b0d13c109c6a218cb1dbebc400661c0	https://www.encodeproject.org/files/ENCFF794LOO/@@download/ENCFF794LOO.bed.gz		
ENCSR568IVD	ENCFF151JWD	Peyer's patch	tissue	IDR thresholded peaks	ENCODE4 v1.5.1 GRCh38	ENCODE Processing Pipeline	2019-02-12	531535	ec9fb99795735fe61d6195a5953c043a	https://www.encodeproject.org/files/ENCFF151JWD/@@download/ENCFF151JWD.bed.gz		
ENCSR572DUJ	ENCFF143VTV	body of pancreas	tissue	IDR thresholded peaks	ENCODE4 v1.5.1 GRCh38	ENCODE Processing Pipeline	2017-08-28	537792	a6b3c1adc7173224a53f87723f8bba9b	https://www.encodeproject.org/files/ENCFF143VTV/@@download/ENCFF143VTV.bed.gz		
ENCSR575WYM	ENCFF238ZLG	dorsolateral prefrontal cortex	tissue	IDR thresholded peaks	ENCODE4 v1.8.0 GRCh38	ENCODE Processing Pipeline	2021-07-23	632656	40de5a4d3d8866bdf1ab82656b592308	https://www.encodeproject.org/files/ENCFF238ZLG/@@download/ENCFF238ZLG.bed.gz		partially characterized antibody
ENCSR578AKX	ENCFF182MYP	heart left ventricle	tissue	IDR thresholded peaks	ENCODE4 v1.8.0 GRCh38	ENCODE Processing Pipeline	2021-09-21	586204	4e9bd827b5da78f0a1bb154816ae4356	https://www.encodeproject.org/files/ENCFF182MYP/@@download/ENCFF182MYP.bed.gz		
ENCSR582MTM	ENCFF985QNV	lower leg skin	tissue	IDR thresholded peaks	ENCODE4 v1.5.1 GRCh38	ENCODE Processing Pipeline	2016-11-07	107086	50eeb0e3314ab66c895c5e422f969d85	https://www.encodeproject.org/files/ENCFF985QNV/@@download/ENCFF985QNV.bed.gz		
ENCSR585JVS	ENCFF228QYX	heart right ventricle	tissue	IDR thresholded peaks	ENCODE4 v1.8.0 GRCh38	ENCODE Processing Pipeline	2021-09-21	760095	4dc25c2e939ca92efcf52553b7cfe17c	https://www.encodeproject.org/files/ENCFF228QYX/@@download/ENCFF228QYX.bed.gz		
ENCSR585KBH	ENCFF511EXS	body of pancreas	tissue	IDR thresholded peaks	ENCODE4 v1.5.1 GRCh38	ENCODE Processing Pipeline	2019-09-11	348689	9c676db9b9163e2ff6877ee0cbf5a0a8	https://www.encodeproject.org/files/ENCFF511EXS/@@download/ENCFF511EXS.bed.gz		
ENCSR587KPW	ENCFF176AOA	heart right ventricle	tissue	IDR thresholded peaks	ENCODE4 v1.8.0 GRCh38	ENCODE Processing Pipeline	2021-09-21	397248	767ed5247996540dae49766cec115801	https://www.encodeproject.org/files/ENCFF176AOA/@@download/ENCFF176AOA.bed.gz		
ENCSR594NSU	ENCFF143NGY	gastrocnemius medialis	tissue	IDR thresholded peaks	ENCODE4 v1.5.1 GRCh38	ENCODE Processing Pipeline	2019-09-11	554675	ccb46472f1510a7f0bbdedd0f1f22da4	https://www.encodeproject.org/files/ENCFF143NGY/@@download/ENCFF143NGY.bed.gz		
ENCSR595BPR	ENCFF978ZGD	spleen	tissue	IDR thresholded peaks	ENCODE4 v1.5.1 GRCh38	ENCODE Processing Pipeline	2019-09-11	670597	0492cbad24a46140f4ee3313a5b437da	https://www.encodeproject.org/files/ENCFF978ZGD/@@download/ENCFF978ZGD.bed.gz		
ENCSR597TGH	ENCFF862DSA	HCT116	cell line	IDR thresholded peaks	ENCODE4 v1.8.0 GRCh38	ENCODE Processing Pipeline	2022-07-21	967728	b30caa69a38cb8a631377abe33ffcab9	https://www.encodeproject.org/files/ENCFF862DSA/@@download/ENCFF862DSA.bed.gz		unreplicated experiment
ENCSR601FEB	ENCFF008YBA	spleen	tissue	IDR thresholded peaks	ENCODE4 v1.5.1 GRCh38	ENCODE Processing Pipeline	2019-09-11	642551	c2207866d0cfa25f66ddbb82954a0bac	https://www.encodeproject.org/files/ENCFF008YBA/@@download/ENCFF008YBA.bed.gz		
ENCSR606TNN	ENCFF021PRY	vagina	tissue	IDR thresholded peaks	ENCODE4 v1.5.1 GRCh38	ENCODE Processing Pipeline	2017-01-30	460946	d52e1a4d7f34045131adafdc59c1e019	https://www.encodeproject.org/files/ENCFF021PRY/@@download/ENCFF021PRY.bed.gz		
ENCSR607XFI	ENCFF664UGR	HepG2	cell line	IDR thresholded peaks	ENCODE4 v1.5.0 GRCh38	ENCODE Processing Pipeline	2020-07-14	1101178	15ea321e25d19e007500d0426acafc64	https://www.encodeproject.org/files/ENCFF664UGR/@@download/ENCFF664UGR.bed.gz		
ENCSR608WPS	ENCFF681RYK	transverse colon	tissue	IDR thresholded peaks	ENCODE4 v1.5.1 GRCh38	ENCODE Processing Pipeline	2017-08-28	624031	2ef5301e8e9fcc39596748f03f7f5216	https://www.encodeproject.org/files/ENCFF681RYK/@@download/ENCFF681RYK.bed.gz		
ENCSR610UDC	ENCFF422EHF	dorsolateral prefrontal cortex	tissue	IDR thresholded peaks	ENCODE4 v1.8.0 GRCh38	ENCODE Processing Pipeline	2021-07-23	617146	b33289e610d46ef0de7d6fd17f8ff5d2	https://www.encodeproject.org/files/ENCFF422EHF/@@download/ENCFF422EHF.bed.gz		partially characterized antibody
ENCSR611HGB	ENCFF907MQA	GM23338	cell line	IDR thresholded peaks	ENCODE4 v1.5.0 GRCh38	ENCODE Processing Pipeline	2021-04-13	875084	beab68ef357ee82e43f6da21414dd79e	https://www.encodeproject.org/files/ENCFF907MQA/@@download/ENCFF907MQA.bed.gz		unreplicated experiment
ENCSR611JJS	ENCFF986OCA	A673	cell line	IDR thresholded peaks	ENCODE4 v1.5.1 GRCh38	ENCODE Processing Pipeline	2017-11-13	921809	97bdeb2da5c500e7d62cdf4c14e8e377	https://www.encodeproject.org/files/ENCFF986OCA/@@download/ENCFF986OCA.bed.gz		
ENCSR614HHL	ENCFF626XNO	vagina	tissue	IDR thresholded peaks	ENCODE4 v1.5.1 GRCh38	ENCODE Processing Pipeline	2019-09-13	364967	496dce367208e5aff4cb43705c2f6813	https://www.encodeproject.org/files/ENCFF626XNO/@@download/ENCFF626XNO.bed.gz		
ENCSR617IFZ	ENCFF521EHU	HEK293	cell line	IDR thresholded peaks	ENCODE4 v1.5.1 GRCh38	ENCODE Processing Pipeline	2016-10-07	669676	1c66d54dcd0f0e7095c333a632e6d802	https://www.encodeproject.org/files/ENCFF521EHU/@@download/ENCFF521EHU.bed.gz		
ENCSR618QYE	ENCFF533OIH	stomach	tissue	IDR thresholded peaks	ENCODE4 v1.5.1 GRCh38	ENCODE Processing Pipeline	2016-07-11	38058	e54a4bbd117b6a5a3a87abd719a1a49a	https://www.encodeproject.org/files/ENCFF533OIH/@@download/ENCFF533OIH.bed.gz		
ENCSR619IUE	ENCFF424MLS	bipolar neuron	in vitro differentiated cells	IDR thresholded peaks	ENCODE4 v1.5.1 GRCh38	ENCODE Processing Pipeline	2016-10-27	827012	78cc4cb47c2f4424fb0580e1198290c1	https://www.encodeproject.org/files/ENCFF424MLS/@@download/ENCFF424MLS.bed.gz		
ENCSR619WGF	ENCFF996ADF	dorsolateral prefrontal cortex	tissue	IDR thresholded peaks	ENCODE4 v1.8.0 GRCh38	ENCODE Processing Pipeline	2022-06-09	739516	8f16e3bdabb0602daf2f775c05943351	https://www.encodeproject.org/files/ENCFF996ADF/@@download/ENCFF996ADF.bed.gz		partially characterized antibody
ENCSR634OAQ	ENCFF413RNS	NCI-H929	cell line	IDR thresholded peaks	ENCODE4 v1.6.1 GRCh38	ENCODE Processing Pipeline	2017-11-29	983779	862eeb2a33edb958ed68901cde5227ac	https://www.encodeproject.org/files/ENCFF413RNS/@@download/ENCFF413RNS.bed.gz		poor library complexity, insufficient read depth, severe bottlenecking
ENCSR647SQF	ENCFF061YSW	mesothelial cell of epicardium	in vitro differentiated cells	IDR thresholded peaks	ENCODE4 v1.5.0 GRCh38	ENCODE Processing Pipeline	2021-04-13	689532	4ce6ce34dc2b680b187d28afcadaa70a	https://www.encodeproject.org/files/ENCFF061YSW/@@download/ENCFF061YSW.bed.gz		unreplicated experiment
ENCSR655ECZ	ENCFF126LRK	vagina	tissue	IDR thresholded peaks	ENCODE4 v1.5.1 GRCh38	ENCODE Processing Pipeline	2017-01-30	269007	f8982c1d677fc2253796c06b25d865e8	https://www.encodeproject.org/files/ENCFF126LRK/@@download/ENCFF126LRK.bed.gz		
ENCSR661NXJ	ENCFF530ARF	breast epithelium	tissue	IDR thresholded peaks	ENCODE4 v1.5.1 GRCh38	ENCODE Processing Pipeline	2016-10-25	538748	fdd31917c01a2c1690eeab1e0d02c835	https://www.encodeproject.org/files/ENCFF530ARF/@@download/ENCFF530ARF.bed.gz		
ENCSR661XNQ	ENCFF584CZG	gastroesophageal sphincter	tissue	IDR thresholded peaks	ENCODE4 v1.5.1 GRCh38	ENCODE Processing Pipeline	2017-06-23	558364	4e9cc24de455ed00111ff22fe149bf5a	https://www.encodeproject.org/files/ENCFF584CZG/@@download/ENCFF584CZG.bed.gz		
ENCSR666JEF	ENCFF497VZU	dorsolateral prefrontal cortex	tissue	IDR thresholded peaks	ENCODE4 v1.8.0 GRCh38	ENCODE Processing Pipeline	2021-09-21	474364	73227920235435f2927a032ada432d81	https://www.encodeproject.org/files/ENCFF497VZU/@@download/ENCFF497VZU.bed.gz		partially characterized antibody
ENCSR668BTN	ENCFF891COF	thoracic aorta	tissue	IDR thresholded peaks	ENCODE4 v1.5.1 GRCh38	ENCODE Processing Pipeline	2017-03-14	632936	c623553ef553831369ec22f8729d6835	https://www.encodeproject.org/files/ENCFF891COF/@@download/ENCFF891COF.bed.gz		poor library complexity, severe bottlenecking
ENCSR671ITY	ENCFF751LCT	HCT116	cell line	IDR thresholded peaks	ENCODE4 v1.8.0 GRCh38	ENCODE Processing Pipeline	2022-07-21	981490	2058fae4a7087d2c6ba4a0aa8f2d46a6	https://www.encodeproject.org/files/ENCFF751LCT/@@download/ENCFF751LCT.bed.gz		unreplicated experiment
ENCSR673WZL	ENCFF465NLE	LNCAP	cell line	IDR thresholded peaks	ENCODE4 v1.6.1 GRCh38	ENCODE Processing Pipeline	2017-06-29	940753	df516cddf1910c51f1825b6539929c2d	https://www.encodeproject.org/files/ENCFF465NLE/@@download/ENCFF465NLE.bed.gz		
ENCSR676LDQ	ENCFF113VJZ	dorsolateral prefrontal cortex	tissue	IDR thresholded peaks	ENCODE4 v1.8.0 GRCh38	ENCODE Processing Pipeline	2021-09-21	926173	ddefef9bf807636092d1e269972e1e30	https://www.encodeproject.org/files/ENCFF113VJZ/@@download/ENCFF113VJZ.bed.gz		partially characterized antibody
ENCSR680WMF	ENCFF382SFB	dorsolateral prefrontal cortex	tissue	IDR thresholded peaks	ENCODE4 v1.8.0 GRCh38	ENCODE Processing Pipeline	2021-07-23	979804	115a82023a8ef0e8602169016b4e1808	https://www.encodeproject.org/files/ENCFF382SFB/@@download/ENCFF382SFB.bed.gz		partially characterized antibody
ENCSR684PGO	ENCFF417QWU	uterus	tissue	IDR thresholded peaks	ENCODE4 v1.5.1 GRCh38	ENCODE Processing Pipeline	2019-09-11	502357	2d2b5e57df520335e65af41ef8250fbb	https://www.encodeproject.org/files/ENCFF417QWU/@@download/ENCFF417QWU.bed.gz		
ENCSR687APM	ENCFF033AIE	body of pancreas	tissue	IDR thresholded peaks	ENCODE4 v1.5.1 GRCh38	ENCODE Processing Pipeline	2019-09-11	492601	a30c28416f4f847662eab943cf23a369	https://www.encodeproject.org/files/ENCFF033AIE/@@download/ENCFF033AIE.bed.gz		
ENCSR689LFJ	ENCFF427DTQ	dorsolateral prefrontal cortex	tissue	IDR thresholded peaks	ENCODE4 v1.8.0 GRCh38	ENCODE Processing Pipeline	2021-07-23	675452	e55e5057bd0512f2fcab0b879621080d	https://www.encodeproject.org/files/ENCFF427DTQ/@@download/ENCFF427DTQ.bed.gz		partially characterized antibody
ENCSR689VEF	ENCFF431SJW	tibial nerve	tissue	IDR thresholded peaks	ENCODE4 v1.5.1 GRCh38	ENCODE Processing Pipeline	2019-09-13	466742	a9a9b3fff4311678a7840b61bc7ea410	https://www.encodeproject.org/files/ENCFF431SJW/@@download/ENCFF431SJW.bed.gz		
ENCSR692ILH	ENCFF585XAQ	spleen	tissue	IDR thresholded peaks	ENCODE4 v1.4.0 GRCh38	ENCODE Processing Pipeline	2016-07-11	359571	865debb7d2ae83c03d5e65f2204ee99b	https://www.encodeproject.org/files/ENCFF585XAQ/@@download/ENCFF585XAQ.bed.gz		
ENCSR697YIN	ENCFF758FTM	breast epithelium	tissue	IDR thresholded peaks	ENCODE4 v1.5.1 GRCh38	ENCODE Processing Pipeline	2017-02-08	534267	b1b86fee307e794b435342987ea043ce	https://www.encodeproject.org/files/ENCFF758FTM/@@download/ENCFF758FTM.bed.gz		
ENCSR699BEK	ENCFF508XDM	tibial artery	tissue	IDR thresholded peaks	ENCODE4 v1.5.1 GRCh38	ENCODE Processing Pipeline	2017-02-08	536269	c9eb813937511c73cd470c491f7f2ca5	https://www.encodeproject.org/files/ENCFF508XDM/@@download/ENCFF508XDM.bed.gz		
ENCSR699BRV	ENCFF427TYH	dorsolateral prefrontal cortex	tissue	IDR thresholded peaks	ENCODE4 v1.8.0 GRCh38	ENCODE Processing Pipeline	2021-07-23	1016886	304bf75c0b816f927869aa5d9bc3c3d2	https://www.encodeproject.org/files/ENCFF427TYH/@@download/ENCFF427TYH.bed.gz		partially characterized antibody
ENCSR705DNM	ENCFF835BZY	dorsolateral prefrontal cortex	tissue	IDR thresholded peaks	ENCODE4 v1.8.0 GRCh38	ENCODE Processing Pipeline	2022-01-06	509889	0823fddce323f8e7db5fbcc96b2f8de0	https://www.encodeproject.org/files/ENCFF835BZY/@@download/ENCFF835BZY.bed.gz		partially characterized antibody
ENCSR713SXF	ENCFF130TVA	cardiac muscle cell	in vitro differentiated cells	IDR thresholded peaks	ENCODE4 v1.5.1 GRCh38	ENCODE Processing Pipeline	2017-11-13	673384	3f60eff040aad067f1e843c34fbaa895	https://www.encodeproject.org/files/ENCFF130TVA/@@download/ENCFF130TVA.bed.gz		unreplicated experiment
ENCSR715FHW	ENCFF530OEI	dorsolateral prefrontal cortex	tissue	IDR thresholded peaks	ENCODE4 v1.8.0 GRCh38	ENCODE Processing Pipeline	2022-06-09	733214	7cef03085f231d3601860bd2ff9a6cb0	https://www.encodeproject.org/files/ENCFF530OEI/@@download/ENCFF530OEI.bed.gz		partially characterized antibody
ENCSR718SDR	ENCFF202OSU	heart left ventricle	tissue	IDR thresholded peaks	ENCODE4 v1.5.1 GRCh38	ENCODE Processing Pipeline	2018-12-14	617759	251780514caa854e7ee22357652983f9	https://www.encodeproject.org/files/ENCFF202OSU/@@download/ENCFF202OSU.bed.gz		
ENCSR720USO	ENCFF351NKT	prostate gland	tissue	IDR thresholded peaks	ENCODE4 v1.5.1 GRCh38	ENCODE Processing Pipeline	2016-11-29	717159	878c6f1ea54e8342ddaf329066857915	https://www.encodeproject.org/files/ENCFF351NKT/@@download/ENCFF351NKT.bed.gz		
ENCSR721AHD	ENCFF480QYI	sigmoid colon	tissue	IDR thresholded peaks	ENCODE4 v1.5.1 GRCh38	ENCODE Processing Pipeline	2016-12-08	463433	31c63b53c99a930cd99a6e3639421f33	https://www.encodeproject.org/files/ENCFF480QYI/@@download/ENCFF480QYI.bed.gz		
ENCSR724YTA	ENCFF141KSG	dorsolateral prefrontal cortex	tissue	IDR thresholded peaks	ENCODE4 v1.8.0 GRCh38	ENCODE Processing Pipeline	2021-07-23	851951	5c7ac5da986d1aa1a462f7b141bddfde	https://www.encodeproject.org/files/ENCFF141KSG/@@download/ENCFF141KSG.bed.gz		partially characterized antibody
ENCSR727HME	ENCFF490CTJ	lower leg skin	tissue	IDR thresholded peaks	ENCODE4 v1.5.1 GRCh38	ENCODE Processing Pipeline	2016-11-07	1266	f53c6c023bf71a4604b7831fb9494381	https://www.encodeproject.org/files/ENCFF490CTJ/@@download/ENCFF490CTJ.bed.gz		
ENCSR736PZW	ENCFF673YZF	left lung	tissue	IDR thresholded peaks	ENCODE4 v1.8.0 GRCh38	ENCODE Processing Pipeline	2021-07-23	494261	b008b5ca1f628e573efd12ddc7bd88f4	https://www.encodeproject.org/files/ENCFF673YZF/@@download/ENCFF673YZF.bed.gz		
ENCSR740GKG	ENCFF302EBF	dorsolateral prefrontal cortex	tissue	IDR thresholded peaks	ENCODE4 v1.8.0 GRCh38	ENCODE Processing Pipeline	2021-07-23	983642	a0ceb8345644e9b71d7aafd41f7083f0	https://www.encodeproject.org/files/ENCFF302EBF/@@download/ENCFF302EBF.bed.gz		partially characterized antibody
ENCSR744YJR	ENCFF498GQK	thyroid gland	tissue	IDR thresholded peaks	ENCODE4 v1.5.1 GRCh38	ENCODE Processing Pipeline	2017-01-30	470761	88ebfd23810214899e1f0a7aa58e805f	https://www.encodeproject.org/files/ENCFF498GQK/@@download/ENCFF498GQK.bed.gz		
ENCSR753RME	ENCFF917CYG	testis	tissue	IDR thresholded peaks	ENCODE4 v1.5.1 GRCh38	ENCODE Processing Pipeline	2019-09-11	594554	88761bb838ff5e9e0f35de46def91afc	https://www.encodeproject.org/files/ENCFF917CYG/@@download/ENCFF917CYG.bed.gz		
ENCSR755WXO	ENCFF893RLK	dorsolateral prefrontal cortex	tissue	IDR thresholded peaks	ENCODE4 v1.8.0 GRCh38	ENCODE Processing Pipeline	2022-01-06	643595	38721cdf1a4982ce333bdd5f81000fa4	https://www.encodeproject.org/files/ENCFF893RLK/@@download/ENCFF893RLK.bed.gz		partially characterized antibody
ENCSR756KRS	ENCFF147HSY	suprapubic skin	tissue	IDR thresholded peaks	ENCODE4 v1.5.1 GRCh38	ENCODE Processing Pipeline	2016-07-11	326626	591510c25621768021295f7d82d60107	https://www.encodeproject.org/files/ENCFF147HSY/@@download/ENCFF147HSY.bed.gz		
ENCSR756URL	ENCFF594HEK	esophagus squamous epithelium	tissue	IDR thresholded peaks	ENCODE4 v1.5.1 GRCh38	ENCODE Processing Pipeline	2017-08-28	561841	17cd5398b3f57a0670f4306aacd38978	https://www.encodeproject.org/files/ENCFF594HEK/@@download/ENCFF594HEK.bed.gz		
ENCSR756ZKG	ENCFF787BQX	OCI-LY3	cell line	IDR thresholded peaks	ENCODE4 v1.5.1 GRCh38	ENCODE Processing Pipeline	2014-07-11	931135	ffc543cdfdba02d8f1d61acfb958797a	https://www.encodeproject.org/files/ENCFF787BQX/@@download/ENCFF787BQX.bed.gz		
ENCSR757DFT	ENCFF813NGM	dorsolateral prefrontal cortex	tissue	IDR thresholded peaks	ENCODE4 v1.8.0 GRCh38	ENCODE Processing Pipeline	2022-06-09	657828	657ddc9375a0b5c7259cca6756031407	https://www.encodeproject.org/files/ENCFF813NGM/@@download/ENCFF813NGM.bed.gz		partially characterized antibody
ENCSR762PCG	ENCFF173APP	subcutaneous adipose tissue	tissue	IDR thresholded peaks	ENCODE4 v1.5.1 GRCh38	ENCODE Processing Pipeline	2016-07-11	17651	97aed2c2407a8513627ba77b996f6089	https://www.encodeproject.org/files/ENCFF173APP/@@download/ENCFF173APP.bed.gz		
ENCSR763VUL	ENCFF159EKP	dorsolateral prefrontal cortex	tissue	IDR thresholded peaks	ENCODE4 v1.8.0 GRCh38	ENCODE Processing Pipeline	2021-09-21	929350	b26fea9cef29e95a71e9feb7d8f2c12d	https://www.encodeproject.org/files/ENCFF159EKP/@@download/ENCFF159EKP.bed.gz		partially characterized antibody
ENCSR769WKR	ENCFF827OLU	transverse colon	tissue	IDR thresholded peaks	ENCODE4 v1.5.1 GRCh38	ENCODE Processing Pipeline	2016-07-08	580260	21859a7f0933972d9f3d2e79a7a31ac3	https://www.encodeproject.org/files/ENCFF827OLU/@@download/ENCFF827OLU.bed.gz		
ENCSR770IWO	ENCFF059SOE	adrenal gland	tissue	IDR thresholded peaks	ENCODE4 v1.5.1 GRCh38	ENCODE Processing Pipeline	2017-01-30	736400	915e98b980e5647211b3cab2edb5a875	https://www.encodeproject.org/files/ENCFF059SOE/@@download/ENCFF059SOE.bed.gz		
ENCSR773JBP	ENCFF848GUU	esophagus squamous epithelium	tissue	IDR thresholded peaks	ENCODE4 v1.5.1 GRCh38	ENCODE Processing Pipeline	2016-12-13	615290	882c8c09f366a217da7f90da0185a247	https://www.encodeproject.org/files/ENCFF848GUU/@@download/ENCFF848GUU.bed.gz		
ENCSR774PGN	ENCFF682RNL	pancreas	tissue	IDR thresholded peaks	ENCODE4 v1.5.0 GRCh38	ENCODE Processing Pipeline	2021-04-13	477413	908de7116c643257b36dfa43204f1924	https://www.encodeproject.org/files/ENCFF682RNL/@@download/ENCFF682RNL.bed.gz		
ENCSR776AEL	ENCFF698RLK	stomach	tissue	IDR thresholded peaks	ENCODE4 v1.5.1 GRCh38	ENCODE Processing Pipeline	2016-07-11	737	8922b3ca78cdaba80e112be7244c7eb4	https://www.encodeproject.org/files/ENCFF698RLK/@@download/ENCFF698RLK.bed.gz		
ENCSR778NDP	ENCFF037ULF	dorsolateral prefrontal cortex	tissue	IDR thresholded peaks	ENCODE4 v1.8.0 GRCh38	ENCODE Processing Pipeline	2021-07-23	625462	83a0f3289739b90b7d9cbd2a1df65057	https://www.encodeproject.org/files/ENCFF037ULF/@@download/ENCFF037ULF.bed.gz		partially characterized antibody
ENCSR778ZPK	ENCFF805CXH	heart left ventricle	tissue	IDR thresholded peaks	ENCODE4 v1.5.0 GRCh38	ENCODE Processing Pipeline	2020-09-24	726261	55d59b497dbd70c40af0bb01d8cdaa0b	https://www.encodeproject.org/files/ENCFF805CXH/@@download/ENCFF805CXH.bed.gz		
ENCSR779YTI	ENCFF260CWT	dorsolateral prefrontal cortex	tissue	IDR thresholded peaks	ENCODE4 v1.8.0 GRCh38	ENCODE Processing Pipeline	2021-09-21	906400	b57af558460537f62451887d32a2b6cb	https://www.encodeproject.org/files/ENCFF260CWT/@@download/ENCFF260CWT.bed.gz		partially characterized antibody
ENCSR780OZE	ENCFF724EMP	parathyroid adenoma	tissue	IDR thresholded peaks	ENCODE4 v1.7.0 GRCh38	ENCODE Processing Pipeline	2017-12-08	340350	177bf3a93412c5033094e73b4db43f7f	https://www.encodeproject.org/files/ENCFF724EMP/@@download/ENCFF724EMP.bed.gz		
ENCSR782BSY	ENCFF662CKT	placenta	tissue	IDR thresholded peaks	ENCODE4 v1.8.0 GRCh38	ENCODE Processing Pipeline	2022-06-09	268713	2783ba765156d5e0a5063fca4a160838	https://www.encodeproject.org/files/ENCFF662CKT/@@download/ENCFF662CKT.bed.gz		
ENCSR785YRL	ENCFF610WXV	neutrophil	primary cell	IDR thresholded peaks	ENCODE4 v1.5.1 GRCh38	ENCODE Processing Pipeline	2016-12-01	440413	0c59cbf3d18760e518ca30083987093c	https://www.encodeproject.org/files/ENCFF610WXV/@@download/ENCFF610WXV.bed.gz		
ENCSR791AYW	ENCFF274NOI	heart left ventricle	tissue	IDR thresholded peaks	ENCODE4 v1.5.1 GRCh38	ENCODE Processing Pipeline	2017-01-30	723873	5ad315bd85895e3afae72bd05af0b1df	https://www.encodeproject.org/files/ENCFF274NOI/@@download/ENCFF274NOI.bed.gz		poor library complexity, severe bottlenecking
ENCSR793YAD	ENCFF353KDN	tibial nerve	tissue	IDR thresholded peaks	ENCODE4 v1.5.1 GRCh38	ENCODE Processing Pipeline	2019-09-11	497533	4c1c32e170d71bb0a1e0e0c242627ff3	https://www.encodeproject.org/files/ENCFF353KDN/@@download/ENCFF353KDN.bed.gz		
ENCSR798NVH	ENCFF421VTZ	uterus	tissue	IDR thresholded peaks	ENCODE4 v1.5.1 GRCh38	ENCODE Processing Pipeline	2016-11-07	536353	234bceb6437744f5607df0a0c61fb680	https://www.encodeproject.org/files/ENCFF421VTZ/@@download/ENCFF421VTZ.bed.gz		
ENCSR799GJD	ENCFF706SOJ	nephron progenitor cell	in vitro differentiated cells	IDR thresholded peaks	ENCODE4 v1.5.0 GRCh38	ENCODE Processing Pipeline	2021-04-13	761541	ab5ecd11676a4434cbe76fc638201aa3	https://www.encodeproject.org/files/ENCFF706SOJ/@@download/ENCFF706SOJ.bed.gz		
ENCSR799TJD	ENCFF629UDP	upper lobe of left lung	tissue	IDR thresholded peaks	ENCODE4 v1.5.1 GRCh38	ENCODE Processing Pipeline	2018-12-11	470967	275154d6640f3dd39368362998d37bca	https://www.encodeproject.org/files/ENCFF629UDP/@@download/ENCFF629UDP.bed.gz		
ENCSR799WDT	ENCFF320DPI	Peyer's patch	tissue	IDR thresholded peaks	ENCODE4 v1.5.1 GRCh38	ENCODE Processing Pipeline	2017-01-30	790696	9b3f2cdaea499e3278fede5f201f621c	https://www.encodeproject.org/files/ENCFF320DPI/@@download/ENCFF320DPI.bed.gz		
ENCSR805YLE	ENCFF229IQW	gastroesophageal sphincter	tissue	IDR thresholded peaks	ENCODE4 v1.5.1 GRCh38	ENCODE Processing Pipeline	2019-02-12	264498	5087e5ecb38f0f5d006d7206c7fe4ac0	https://www.encodeproject.org/files/ENCFF229IQW/@@download/ENCFF229IQW.bed.gz		
ENCSR806WWX	ENCFF951RPD	activated CD4-positive, alpha-beta T cell	primary cell	IDR thresholded peaks	ENCODE4 v1.8.0 GRCh38	ENCODE Processing Pipeline	2022-06-09	1177971	85c68aa8a2d5a8345cfb6bd4170d3233	https://www.encodeproject.org/files/ENCFF951RPD/@@download/ENCFF951RPD.bed.gz		partially characterized antibody
ENCSR812FNU	ENCFF803EMZ	foreskin keratinocyte	primary cell	IDR thresholded peaks	ENCODE4 v1.5.1 GRCh38	ENCODE Processing Pipeline	2017-10-10	997379	ea94993728341d1b041916d678d803b2	https://www.encodeproject.org/files/ENCFF803EMZ/@@download/ENCFF803EMZ.bed.gz		
ENCSR813KUE	ENCFF512PKN	dorsolateral prefrontal cortex	tissue	IDR thresholded peaks	ENCODE4 v1.8.0 GRCh38	ENCODE Processing Pipeline	2021-07-23	751614	2fd5431077fcf80a1d030373318cce5d	https://www.encodeproject.org/files/ENCFF512PKN/@@download/ENCFF512PKN.bed.gz		partially characterized antibody
ENCSR817HTJ	ENCFF273GAI	foreskin keratinocyte	primary cell	IDR thresholded peaks	ENCODE4 v1.5.1 GRCh38	ENCODE Processing Pipeline	2017-10-10	1059586	aaa5376166f77e92b5af36710c30cc13	https://www.encodeproject.org/files/ENCFF273GAI/@@download/ENCFF273GAI.bed.gz		
ENCSR819WDZ	ENCFF969MRV	dorsolateral prefrontal cortex	tissue	IDR thresholded peaks	ENCODE4 v1.8.0 GRCh38	ENCODE Processing Pipeline	2022-06-09	668182	86271f1228e79f3d032062eb3112fcb5	https://www.encodeproject.org/files/ENCFF969MRV/@@download/ENCFF969MRV.bed.gz		partially characterized antibody
ENCSR822CEA	ENCFF078VTL	neural cell	in vitro differentiated cells	IDR thresholded peaks	ENCODE4 v1.5.1 GRCh38	ENCODE Processing Pipeline	2014-07-07	913629	d0ee5cb5d61321aa5a8e3c8809769b8d	https://www.encodeproject.org/files/ENCFF078VTL/@@download/ENCFF078VTL.bed.gz		poor library complexity, severe bottlenecking
ENCSR822PJT	ENCFF302VBR	tibial nerve	tissue	IDR thresholded peaks	ENCODE4 v1.5.1 GRCh38	ENCODE Processing Pipeline	2016-12-08	791426	328b740e9db412b6bc11553794c7fb02	https://www.encodeproject.org/files/ENCFF302VBR/@@download/ENCFF302VBR.bed.gz		
ENCSR825NXC	ENCFF231KCT	heart left ventricle	tissue	IDR thresholded peaks	ENCODE4 v1.8.0 GRCh38	ENCODE Processing Pipeline	2021-09-21	545800	f404c4b5d31f7c390f6c9abb4aafb448	https://www.encodeproject.org/files/ENCFF231KCT/@@download/ENCFF231KCT.bed.gz		
ENCSR829HTO	ENCFF771ZYH	prostate gland	tissue	IDR thresholded peaks	ENCODE4 v1.5.1 GRCh38	ENCODE Processing Pipeline	2016-11-29	662210	3b89fac19346affdf4c4ebf137a340ec	https://www.encodeproject.org/files/ENCFF771ZYH/@@download/ENCFF771ZYH.bed.gz		
ENCSR832TWW	ENCFF535ATM	dorsolateral prefrontal cortex	tissue	IDR thresholded peaks	ENCODE4 v1.8.0 GRCh38	ENCODE Processing Pipeline	2021-09-21	862788	c0eb2c1938e53688ce61aaaefadd4bb3	https://www.encodeproject.org/files/ENCFF535ATM/@@download/ENCFF535ATM.bed.gz		partially characterized antibody
ENCSR833FWC	ENCFF860GRV	transverse colon	tissue	IDR thresholded peaks	ENCODE4 v1.5.1 GRCh38	ENCODE Processing Pipeline	2016-10-25	649301	90c4615f1fdf6b6cf882770d8b793fb7	https://www.encodeproject.org/files/ENCFF860GRV/@@download/ENCFF860GRV.bed.gz		
ENCSR834XPX	ENCFF768SKG	heart left ventricle	tissue	IDR thresholded peaks	ENCODE4 v1.8.0 GRCh38	ENCODE Processing Pipeline	2022-06-09	804872	e5ce3af9caa9fc3058cc42233e8004c7	https://www.encodeproject.org/files/ENCFF768SKG/@@download/ENCFF768SKG.bed.gz		
ENCSR837OOH	ENCFF652MGY	right lobe of liver	tissue	IDR thresholded peaks	ENCODE4 v1.8.0 GRCh38	ENCODE Processing Pipeline	2022-06-09	809386	10eed105453e8179a94678c0b4f2bbd9	https://www.encodeproject.org/files/ENCFF652MGY/@@download/ENCFF652MGY.bed.gz		
ENCSR838RUX	ENCFF548ULK	esophagus squamous epithelium	tissue	IDR thresholded peaks	ENCODE4 v1.5.1 GRCh38	ENCODE Processing Pipeline	2016-12-13	593451	36323596924a2020026aea4c0897a0f9	https://www.encodeproject.org/files/ENCFF548ULK/@@download/ENCFF548ULK.bed.gz		
ENCSR839NFL	ENCFF585ZAP	right lobe of liver	tissue	IDR thresholded peaks	ENCODE4 v1.8.0 GRCh38	ENCODE Processing Pipeline	2022-06-09	653945	0eee226223ef07313f44a1ff1423f434	https://www.encodeproject.org/files/ENCFF585ZAP/@@download/ENCFF585ZAP.bed.gz		
ENCSR840EYN	ENCFF514WRA	heart right ventricle	tissue	IDR thresholded peaks	ENCODE4 v1.8.0 GRCh38	ENCODE Processing Pipeline	2021-09-21	460269	2b125a8c54a3733003e58910ccc668ea	https://www.encodeproject.org/files/ENCFF514WRA/@@download/ENCFF514WRA.bed.gz		
ENCSR841XDW	ENCFF750DNP	dorsolateral prefrontal cortex	tissue	IDR thresholded peaks	ENCODE4 v1.8.0 GRCh38	ENCODE Processing Pipeline	2022-06-09	745805	f8412bde3f8ca7e653a7dc70579103a3	https://www.encodeproject.org/files/ENCFF750DNP/@@download/ENCFF750DNP.bed.gz		partially characterized antibody
ENCSR846JKO	ENCFF218JYZ	ascending aorta	tissue	IDR thresholded peaks	ENCODE4 v1.5.1 GRCh38	ENCODE Processing Pipeline	2019-09-11	629510	3d4e3578ffca5037fba32f7714d4ce78	https://www.encodeproject.org/files/ENCFF218JYZ/@@download/ENCFF218JYZ.bed.gz		
ENCSR847OSL	ENCFF333WDJ	dorsolateral prefrontal cortex	tissue	IDR thresholded peaks	ENCODE4 v1.8.0 GRCh38	ENCODE Processing Pipeline	2021-07-23	1059979	6880dc2e0103dd8b991c34b99d56f63c	https://www.encodeproject.org/files/ENCFF333WDJ/@@download/ENCFF333WDJ.bed.gz		partially characterized antibody
ENCSR847XGE	ENCFF992CTF	22Rv1	cell line	IDR thresholded peaks	ENCODE4 v1.5.1 GRCh38	ENCODE Processing Pipeline	2017-06-29	1515390	528576a72d728fd37320221e8b965d40	https://www.encodeproject.org/files/ENCFF992CTF/@@download/ENCFF992CTF.bed.gz		
ENCSR851SOK	ENCFF541EBY	A549	cell line	IDR thresholded peaks	ENCODE4 v1.5.1 GRCh38	ENCODE Processing Pipeline	2016-12-20	720433	d1ab32b37974ed3be1d96d78153c22e2	https://www.encodeproject.org/files/ENCFF541EBY/@@download/ENCFF541EBY.bed.gz		
ENCSR852BLA	ENCFF263JRA	pancreas	tissue	IDR thresholded peaks	ENCODE4 v1.8.0 GRCh38	ENCODE Processing Pipeline	2021-07-23	386282	43ca492a7706c9941c746a780d1dc602	https://www.encodeproject.org/files/ENCFF263JRA/@@download/ENCFF263JRA.bed.gz		
ENCSR856JJB	ENCFF541KUT	RWPE2	cell line	IDR thresholded peaks	ENCODE4 v1.5.1 GRCh38	ENCODE Processing Pipeline	2017-07-21	1753314	f3c74604ac8be6327694fae67ac0fad1	https://www.encodeproject.org/files/ENCFF541KUT/@@download/ENCFF541KUT.bed.gz		poor library complexity, severe bottlenecking
ENCSR856TKC	ENCFF072KJO	natural killer cell	primary cell	IDR thresholded peaks	ENCODE4 v1.8.0 GRCh38	ENCODE Processing Pipeline	2022-06-09	607617	8577fd8ed42e325e09d3f60e82f7702b	https://www.encodeproject.org/files/ENCFF072KJO/@@download/ENCFF072KJO.bed.gz		
ENCSR857PBV	ENCFF515MZT	22Rv1	cell line	IDR thresholded peaks	ENCODE4 v1.5.1 GRCh38	ENCODE Processing Pipeline	2017-06-15	1573792	ee13cd45befdb680a798de08f4940225	https://www.encodeproject.org/files/ENCFF515MZT/@@download/ENCFF515MZT.bed.gz		
ENCSR857RJQ	ENCFF168XIT	sigmoid colon	tissue	IDR thresholded peaks	ENCODE4 v1.5.1 GRCh38	ENCODE Processing Pipeline	2019-09-11	563642	f7abab6c17b31b2537dc96dd56eb8305	https://www.encodeproject.org/files/ENCFF168XIT/@@download/ENCFF168XIT.bed.gz		
ENCSR863HZM	ENCFF183WDD	lower lobe of right lung	tissue	IDR thresholded peaks	ENCODE4 v1.8.0 GRCh38	ENCODE Processing Pipeline	2022-06-09	685053	f8be00df252eaa8bcb39f0c384d268b1	https://www.encodeproject.org/files/ENCFF183WDD/@@download/ENCFF183WDD.bed.gz		
ENCSR871MKQ	ENCFF544NOF	H9	cell line	IDR thresholded peaks	ENCODE4 v1.8.0 GRCh38	ENCODE Processing Pipeline	2021-04-13	1412438	b80f7e1e2052dcb87aeb9cf461eb2627	https://www.encodeproject.org/files/ENCFF544NOF/@@download/ENCFF544NOF.bed.gz		
ENCSR875NEW	ENCFF728GND	tibial nerve	tissue	IDR thresholded peaks	ENCODE4 v1.5.1 GRCh38	ENCODE Processing Pipeline	2019-09-11	540195	2cacd32f1c792c8a2a215203660dd51d	https://www.encodeproject.org/files/ENCFF728GND/@@download/ENCFF728GND.bed.gz		
ENCSR876UZD	ENCFF993YLA	A549	cell line	IDR thresholded peaks	ENCODE4 v1.5.1 GRCh38	ENCODE Processing Pipeline	2016-12-20	778856	5a45f4d65c2554356c442338321dc06b	https://www.encodeproject.org/files/ENCFF993YLA/@@download/ENCFF993YLA.bed.gz		
ENCSR881YFU	ENCFF883YRD	heart left ventricle	tissue	IDR thresholded peaks	ENCODE4 v1.8.0 GRCh38	ENCODE Processing Pipeline	2021-09-21	713669	794763a3bb05b3bbd086be5b0337c27e	https://www.encodeproject.org/files/ENCFF883YRD/@@download/ENCFF883YRD.bed.gz		
ENCSR899JSO	ENCFF297BQF	adrenal gland	tissue	IDR thresholded peaks	ENCODE4 v1.5.1 GRCh38	ENCODE Processing Pipeline	2016-11-07	655434	76736b0b3ed22083e8ad9746737695d8	https://www.encodeproject.org/files/ENCFF297BQF/@@download/ENCFF297BQF.bed.gz		
ENCSR901NIN	ENCFF204MFL	progenitor cell of endocrine pancreas	in vitro differentiated cells	IDR thresholded peaks	ENCODE4 v1.5.0 GRCh38	ENCODE Processing Pipeline	2021-04-13	936848	1dad98d9cd18470dadd0734f30970cb1	https://www.encodeproject.org/files/ENCFF204MFL/@@download/ENCFF204MFL.bed.gz		unreplicated experiment
ENCSR904RIA	ENCFF946MNP	heart left ventricle	tissue	IDR thresholded peaks	ENCODE4 v1.8.0 GRCh38	ENCODE Processing Pipeline	2021-06-24	556680	af05a3a236b395643c9d8585b76d1742	https://www.encodeproject.org/files/ENCFF946MNP/@@download/ENCFF946MNP.bed.gz		
ENCSR907BES	ENCFF366EKI	transverse colon	tissue	IDR thresholded peaks	ENCODE4 v1.5.1 GRCh38	ENCODE Processing Pipeline	2017-08-28	658433	283d7d54c125b2bba3f7b29816e61110	https://www.encodeproject.org/files/ENCFF366EKI/@@download/ENCFF366EKI.bed.gz		
ENCSR908TBJ	ENCFF432IOV	HCT116	cell line	IDR thresholded peaks	ENCODE4 v1.8.0 GRCh38	ENCODE Processing Pipeline	2022-07-21	1201654	dbc9fbb45a6ca635c39ca84efa268c87	https://www.encodeproject.org/files/ENCFF432IOV/@@download/ENCFF432IOV.bed.gz		unreplicated experiment
ENCSR911GFJ	ENCFF046XEZ	right lobe of liver	tissue	IDR thresholded peaks	ENCODE4 v1.5.1 GRCh38	ENCODE Processing Pipeline	2016-12-13	651876	94d35249d94979604bb239b04a40ccd7	https://www.encodeproject.org/files/ENCFF046XEZ/@@download/ENCFF046XEZ.bed.gz		
ENCSR913SEI	ENCFF756VJC	dorsolateral prefrontal cortex	tissue	IDR thresholded peaks	ENCODE4 v1.8.0 GRCh38	ENCODE Processing Pipeline	2021-09-21	602003	c19dcd0ffb863517246f5a6c3b084436	https://www.encodeproject.org/files/ENCFF756VJC/@@download/ENCFF756VJC.bed.gz		partially characterized antibody
ENCSR921ERP	ENCFF511NNV	Calu3	cell line	IDR thresholded peaks	ENCODE4 v1.8.0 GRCh38	ENCODE Processing Pipeline	2022-06-09	581400	26b2276e96393bc27795c7e9cffcdc42	https://www.encodeproject.org/files/ENCFF511NNV/@@download/ENCFF511NNV.bed.gz		unreplicated experiment
ENCSR922HGS	ENCFF484HIN	dorsolateral prefrontal cortex	tissue	IDR thresholded peaks	ENCODE4 v1.8.0 GRCh38	ENCODE Processing Pipeline	2021-09-21	559909	fad41c0a93a061a1dd5f938aa8db959a	https://www.encodeproject.org/files/ENCFF484HIN/@@download/ENCFF484HIN.bed.gz		partially characterized antibody
ENCSR925GDS	ENCFF015NKY	sigmoid colon	tissue	IDR thresholded peaks	ENCODE4 v1.5.1 GRCh38	ENCODE Processing Pipeline	2016-12-08	275412	91e079760623d92aeaa60a008d254997	https://www.encodeproject.org/files/ENCFF015NKY/@@download/ENCFF015NKY.bed.gz		
ENCSR928RNP	ENCFF226NCM	heart right ventricle	tissue	IDR thresholded peaks	ENCODE4 v1.8.0 GRCh38	ENCODE Processing Pipeline	2021-09-21	967785	ab9ec6be12e011910265e8a196c40e78	https://www.encodeproject.org/files/ENCFF226NCM/@@download/ENCFF226NCM.bed.gz		
ENCSR930SOT	ENCFF116RHN	brain	organoid	IDR thresholded peaks	ENCODE4 v1.5.0 GRCh38	ENCODE Processing Pipeline	2021-04-13	1115847	3e6cb5fa1537c48a0420397a829631aa	https://www.encodeproject.org/files/ENCFF116RHN/@@download/ENCFF116RHN.bed.gz		
ENCSR932XBJ	ENCFF660KBC	dorsolateral prefrontal cortex	tissue	IDR thresholded peaks	ENCODE4 v1.8.0 GRCh38	ENCODE Processing Pipeline	2021-07-23	628903	ff3eaf33fea9453ba0b7949e076025f9	https://www.encodeproject.org/files/ENCFF660KBC/@@download/ENCFF660KBC.bed.gz		partially characterized antibody
ENCSR932ZMX	ENCFF873AAF	GM23338	cell line	IDR thresholded peaks	ENCODE4 v1.5.1 GRCh38	ENCODE Processing Pipeline	2016-06-30	1248219	03d8c9c1dbe86516884daa9981297dbc	https://www.encodeproject.org/files/ENCFF873AAF/@@download/ENCFF873AAF.bed.gz		
ENCSR934GQS	ENCFF483KVM	ovary	tissue	IDR thresholded peaks	ENCODE4 v1.8.0 GRCh38	ENCODE Processing Pipeline	2022-06-09	239840	43b8a808a5ca385c75b052ff5d6b2239	https://www.encodeproject.org/files/ENCFF483KVM/@@download/ENCFF483KVM.bed.gz		
ENCSR946MNG	ENCFF703KDQ	prostate gland	tissue	IDR thresholded peaks	ENCODE4 v1.5.1 GRCh38	ENCODE Processing Pipeline	2019-09-12	493831	f3f870375705d30a9ca815b2ef622a29	https://www.encodeproject.org/files/ENCFF703KDQ/@@download/ENCFF703KDQ.bed.gz		
ENCSR954MUZ	ENCFF498FLW	HCT116	cell line	IDR thresholded peaks	ENCODE4 v1.8.0 GRCh38	ENCODE Processing Pipeline	2022-07-21	1002550	3ce0462b3261ea1470de7325372c7237	https://www.encodeproject.org/files/ENCFF498FLW/@@download/ENCFF498FLW.bed.gz		unreplicated experiment
ENCSR955BIB	ENCFF728ZGC	thyroid gland	tissue	IDR thresholded peaks	ENCODE4 v1.5.1 GRCh38	ENCODE Processing Pipeline	2016-12-13	673751	b72f7c923bb98f4c69b5665195a8f00b	https://www.encodeproject.org/files/ENCFF728ZGC/@@download/ENCFF728ZGC.bed.gz		
ENCSR957UPE	ENCFF979MUN	dorsolateral prefrontal cortex	tissue	IDR thresholded peaks	ENCODE4 v1.8.0 GRCh38	ENCODE Processing Pipeline	2021-07-23	646020	34b86ef54141639368b2fae2b9e09bd0	https://www.encodeproject.org/files/ENCFF979MUN/@@download/ENCFF979MUN.bed.gz		partially characterized antibody
ENCSR960MDF	ENCFF007QNG	ascending aorta	tissue	IDR thresholded peaks	ENCODE4 v1.5.1 GRCh38	ENCODE Processing Pipeline	2016-12-13	396293	c8678803655411c5785268ad44347303	https://www.encodeproject.org/files/ENCFF007QNG/@@download/ENCFF007QNG.bed.gz		
ENCSR961IOA	ENCFF378WSO	Caco-2	cell line	IDR thresholded peaks	ENCODE4 v1.8.0 GRCh38	ENCODE Processing Pipeline	2022-06-09	692006	b36a7e1e3196989d87fb6179b5a885ba	https://www.encodeproject.org/files/ENCFF378WSO/@@download/ENCFF378WSO.bed.gz		unreplicated experiment
ENCSR961SKY	ENCFF646OTN	spleen	tissue	IDR thresholded peaks	ENCODE4 v1.8.0 GRCh38	ENCODE Processing Pipeline	2021-07-23	841993	e9e4369c47567218aae4d71ee533e77e	https://www.encodeproject.org/files/ENCFF646OTN/@@download/ENCFF646OTN.bed.gz		
ENCSR964BKO	ENCFF061UVF	upper lobe of left lung	tissue	IDR thresholded peaks	ENCODE4 v1.5.1 GRCh38	ENCODE Processing Pipeline	2016-12-08	598166	9181c28d429ae8f5c867ebb28c558df7	https://www.encodeproject.org/files/ENCFF061UVF/@@download/ENCFF061UVF.bed.gz		
ENCSR966OUM	ENCFF944MMM	nephron	organoid	IDR thresholded peaks	ENCODE4 v1.5.0 GRCh38	ENCODE Processing Pipeline	2021-04-13	823595	3447d553d8d41536bf09fad809760270	https://www.encodeproject.org/files/ENCFF944MMM/@@download/ENCFF944MMM.bed.gz		unreplicated experiment
ENCSR967BSF	ENCFF516DOX	spleen	tissue	IDR thresholded peaks	ENCODE4 v1.8.0 GRCh38	ENCODE Processing Pipeline	2021-07-23	389643	1146ae6f97fcc8a730be23ff07ab9b3c	https://www.encodeproject.org/files/ENCFF516DOX/@@download/ENCFF516DOX.bed.gz		
ENCSR967QUQ	ENCFF237RIC	dorsolateral prefrontal cortex	tissue	IDR thresholded peaks	ENCODE4 v1.8.0 GRCh38	ENCODE Processing Pipeline	2021-07-23	898411	31d72fe41285a8709c6ef3f1fafaa2bf	https://www.encodeproject.org/files/ENCFF237RIC/@@download/ENCFF237RIC.bed.gz		partially characterized antibody
ENCSR970UZD	ENCFF786YIA	upper lobe of left lung	tissue	IDR thresholded peaks	ENCODE4 v1.5.1 GRCh38	ENCODE Processing Pipeline	2016-12-08	481785	89274665828767edce8138fee7dbd400	https://www.encodeproject.org/files/ENCFF786YIA/@@download/ENCFF786YIA.bed.gz		
ENCSR972LYL	ENCFF647HXE	upper lobe of left lung	tissue	IDR thresholded peaks	ENCODE4 v1.5.1 GRCh38	ENCODE Processing Pipeline	2016-12-08	674724	1246e5a73cbe5ff2e7de4a5c6b0b3faa	https://www.encodeproject.org/files/ENCFF647HXE/@@download/ENCFF647HXE.bed.gz		
ENCSR979PTL	ENCFF816RIB	dorsolateral prefrontal cortex	tissue	IDR thresholded peaks	ENCODE4 v1.8.0 GRCh38	ENCODE Processing Pipeline	2021-09-21	702805	56236b32618cf414f175a2d5eae299ee	https://www.encodeproject.org/files/ENCFF816RIB/@@download/ENCFF816RIB.bed.gz		partially characterized antibody
ENCSR979ZEO	ENCFF336FAF	HCT116	cell line	IDR thresholded peaks	ENCODE4 v1.8.0 GRCh38	ENCODE Processing Pipeline	2022-07-21	785372	88b57a1259e4248e0ede45237485e88a	https://www.encodeproject.org/files/ENCFF336FAF/@@download/ENCFF336FAF.bed.gz		unreplicated experiment
ENCSR981CID	ENCFF871GVU	testis	tissue	IDR thresholded peaks	ENCODE4 v1.5.1 GRCh38	ENCODE Processing Pipeline	2017-01-30	525150	fd315e88bebcb3505ddf7f7444fca0b1	https://www.encodeproject.org/files/ENCFF871GVU/@@download/ENCFF871GVU.bed.gz		
ENCSR984IUE	ENCFF478CPK	psoas muscle	tissue	IDR thresholded peaks	ENCODE4 v1.8.0 GRCh38	ENCODE Processing Pipeline	2022-06-09	583896	4d9a8fa8e7f39835181a4f3decb2555e	https://www.encodeproject.org/files/ENCFF478CPK/@@download/ENCFF478CPK.bed.gz		
ENCSR987GXT	ENCFF991TMD	GM23338	cell line	IDR thresholded peaks	ENCODE4 v1.6.1 GRCh38	ENCODE Processing Pipeline	2017-10-19	1192099	7289db33b5d511f6a490726b4aafcc6a	https://www.encodeproject.org/files/ENCFF991TMD/@@download/ENCFF991TMD.bed.gz		
ENCSR992XTY	ENCFF112GJQ	WTC11	cell line	IDR thresholded peaks	ENCODE4 v1.8.0 GRCh38	ENCODE Processing Pipeline	2022-06-09	553996	95a48b97fdae4a8c5c37b4b824823add	https://www.encodeproject.org/files/ENCFF112GJQ/@@download/ENCFF112GJQ.bed.gz		
ENCSR998NQG	ENCFF706MSC	gastrocnemius medialis	tissue	IDR thresholded peaks	ENCODE4 v1.5.1 GRCh38	ENCODE Processing Pipeline	2017-02-01	376029	16578d80b49c901a1a154678283ab2d5	https://www.encodeproject.org/files/ENCFF706MSC/@@download/ENCFF706MSC.bed.gz		
